tier,section,category,title,issue_date,url,file
core,legislation,VAT,FTA Decision No 17 of 2026 on Cases and Conditions for Input Tax Recovery on Employee Expenses,"Sep 09, 2026",https://tax.gov.ae/Datafolder/Files/Pdf/2026/legislation/FTA%20Decision%20No.%2017%20of%202026%20on%20the%20Cases%20and%20Conditions%20for%20the%20Recovery%20of%20Input%20Tax%20Incurred%20on%20Employee%20Expenses%20-%20Publishing.pdf,uae_fta_decision_no_17_of_2026_on_cases_and_conditions_for_input_tax_recovery_on_employee_expe.pdf
core,legislation,VAT,Executive Regulation of Federal Decree Law No 8 of 2017 and its amendments,"Sep 01, 2026",https://tax.gov.ae/Datafolder/Files/Legislation/2026/Law-No-8-of-2017-and-its-amendments--09-2026.pdf,uae_executive_regulation_of_federal_decree_law_no_8_of_2017_and_its_amendments.pdf
core,legislation,VAT,FTA Decision No. 13 of 2026 on Measures Procedures Conditions required by Taxable Persons for Verification of Validity and Integrity of Supplies,"Jul 22, 2026",https://tax.gov.ae/Datafolder/Files/Legislation/2026/FTA%20Decision%20No.%2013%20of%202026%20on%20Measures%2018%2008%202026.pdf,uae_fta_decision_no_13_of_2026_on_measures_procedures_conditions_required_by_taxable_persons_f.pdf
core,legislation,VAT,Directive on Tax Transactions No. 5 of 2026 for Value Added Tax on the Method to Determine the Value of Deemed Supplies of Services,NA,https://tax.gov.ae/Datafolder/Files/Legislation/2026/2026-5%20-%20VAT%20-%20Valuation%20of%20Deemed%20Supplies%20-%2007%202026.pdf,uae_directive_on_tax_transactions_no_5_of_2026_for_value_added_tax_on_the_method_to_determine_.pdf
core,legislation,VAT,Directive on Tax Transactions No. 4 of 2026 for Value Added Tax on Fees and Charges forming part of the Life Insurance Contract and life reinsurance contract,NA,https://tax.gov.ae/Datafolder/Files/Legislation/2026/2026-04%20-%20VAT%20-%20Life%20Insurance%20-%2007%202026.pdf,uae_directive_on_tax_transactions_no_4_of_2026_for_value_added_tax_on_fees_and_charges_forming.pdf
core,legislation,VAT,Directive on Tax Transactions No. 3 of 2026 for Value Added Tax on the Method of Converting the Value of Digital Currencies into UAE Dirham,NA,https://tax.gov.ae/Datafolder/Files/Legislation/2026/2026-03%20-%20VAT%20-%20Method%20of%20Converting%20Consideration%20Received%20in%20Digital%20Currency%20into%20AED%20-%2007%202026.pdf,uae_directive_on_tax_transactions_no_3_of_2026_for_value_added_tax_on_the_method_of_converting.pdf
core,legislation,VAT,Directive on Tax Transactions No. 2 of 2026 for Value Added Tax on Adjustments of Output Tax and Input Tax following a Registrant’s exit from a Tax Group,"Jul 10, 2026",https://tax.gov.ae/Datafolder/Files/Legislation/2026/2026-02%20-%20VAT%20-%20Adjustment%20for%20VAT%20Group%20Members%20-%2007%202026.pdf,uae_directive_on_tax_transactions_no_2_of_2026_for_value_added_tax_on_adjustments_of_output_ta.pdf
core,legislation,VAT,Directive on Tax Transactions No. 1 of 2026 for Value Added Tax on Judicial Expert Services,"Jul 10, 2026",https://tax.gov.ae/Datafolder/Files/Legislation/2026/2026-01%20-%20VAT%20-%20Judicial%20Expert%20Services%20-%2007%202026.pdf,uae_directive_on_tax_transactions_no_1_of_2026_for_value_added_tax_on_judicial_expert_services.pdf
core,legislation,VAT,Federal Tax Authority Decision No. 2 of 2018 on Tax Refunds for Tourists Scheme and its amendments,"Jul 01, 2026",https://tax.gov.ae/Datafolder/Files/Pdf/2026/legislation/Decision%20No.%202%20of%202018%20on%20Tax%20Refunds%20for%20Tourists%20Scheme%20and%20amendments%20-%20For%20publishing%20-%2008%2007%202026.pdf,uae_federal_tax_authority_decision_no_2_of_2018_on_tax_refunds_for_tourists_scheme_and_its_ame.pdf
core,legislation,VAT,Cabinet Decision No. 153 of 2025 on the Application of the Reverse Charge Mechanism on Metal Scrap,"Nov 04, 2025",https://tax.gov.ae/Datafolder/Files/Legislation/2025/Cabinet%20Decision%20No.%20153%20of%202025%20on%20the%20Application%20of%20the%20Reverse%20Charge%20Mechanism%20on%20Metal%20Scrap.pdf,uae_cabinet_decision_no_153_of_2025_on_the_application_of_the_reverse_charge_mechanism_on_meta.pdf
core,legislation,VAT,Federal Decree-Law No. 8 of 2017 and amendments,"Oct 01, 2025",https://tax.gov.ae/Datafolder/Files/Legislation/2025/Federal%20Decree-Law%20No.%208%20of%202017%20and%20amendments%20-%20publishing%2028%2011%202025.pdf,uae_federal_decree_law_no_8_of_2017_and_amendments.pdf
core,legislation,VAT,Cabinet Decision 129 of 2025 on amending Cabinet Decision No. 40 of 2017 on the Administrative Penalties for Violation of Tax Laws in the UAE,"Oct 09, 2025",https://tax.gov.ae/Datafolder/Files/Legislation/2025/Cabinet%20Decision%20No.%2040%20of%202017%20and%20its%20amendments%20-%20publishing%2011%202025.pdf,uae_cabinet_decision_129_of_2025_on_amending_cabinet_decision_no_40_of_2017_on_the_administrat.pdf
core,legislation,VAT,Charities List for VAT,"Dec 25, 2024",https://tax.gov.ae/Datafolder/Files/Legislation/Charities%20List%20-%2025%2012%202024.pdf,uae_charities_list_for_vat.pdf
core,legislation,VAT,The Application of the Reverse Charge Mechanism on Precious Metals and Precious Stones among Registrants in the State for the Purposes of Value Added Tax,"Dec 16, 2024",https://tax.gov.ae/Datafolder/Files/Legislation/2025/Cabinet-Decision-No-127-of-2024-on-Reverse-Charge-Mechanism-for-Precious-Metals.pdf,uae_the_application_of_the_reverse_charge_mechanism_on_precious_metals_and_precious_stones_amo.pdf
core,legislation,VAT,FTA Decision No. 8 of 2024 on Mechanism for Correction of Error or Omission in the Tax Return Submitted to the Federal Tax Authority for VAT,"Nov 01, 2024",https://tax.gov.ae/Datafolder/Files/Legislation/FTADEC1.pdf,uae_fta_decision_no_8_of_2024_on_mechanism_for_correction_of_error_or_omission_in_the_tax_retu.pdf
core,legislation,VAT,Ministerial Decision No. 262 of 2023 On Criteria to be Followed in the Determination of Parts and Pieces of Electronic Devices,"Oct 25, 2023",https://tax.gov.ae/Datafolder/Files/Legislation/Ministerial%20Decision%20No.%20262%20of%202023%20on%20Criteria%20of%20Parts%20and%20Pieces%20of%20Electronic%20Devices%20-%20For%20publishing.pdf,uae_ministerial_decision_no_262_of_2023_on_criteria_to_be_followed_in_the_determination_of_par.pdf
core,legislation,VAT,Cabinet Decision No. 91 of 2023 on Application of the Reverse Charge Mechanism on Electronic Devices among Registrants in the State for the purposes of Value Added Tax,"Aug 25, 2023",https://tax.gov.ae/Datafolder/Files/Legislation/Cabinet%20Decision%20No.%2091%20of%202023%20res%20-%20for%20publishing.pdf,uae_cabinet_decision_no_91_of_2023_on_application_of_the_reverse_charge_mechanism_on_electroni.pdf
core,legislation,VAT,Ministerial Decision No. 26 of 2023 on Criteria and Conditions for Electronic Commerce for Purposes of Keeping Records of the Supplies Made,"Feb 22, 2023",https://tax.gov.ae/Datafolder/Files/Legislation/Ministerial%20Decision%20No.%2026%20of%202023%20-%20For%20publishing.pdf,uae_ministerial_decision_no_26_of_2023_on_criteria_and_conditions_for_electronic_commerce_for_.pdf
core,legislation,VAT,Cabinet Decision No. 82 of 2022 on Refund of Input Tax Incurred on the Construction and Operation of Mosques,"Oct 26, 2022",https://tax.gov.ae/Datafolder/Files/Legislation/Cabinet%20Decision%20No.%2082%20of%202022%20-%20For%20Publishing.pdf,uae_cabinet_decision_no_82_of_2022_on_refund_of_input_tax_incurred_on_the_construction_and_ope.pdf
core,legislation,VAT,Cabinet Decision No. 55 of 2017 on Charities That May Recover Input Tax and its amendments,"Sep 26, 2022",https://tax.gov.ae/DataFolder/Files/Pdf/2024/Charities%20List%20-%2018%2003%202024.pdf,uae_cabinet_decision_no_55_of_2017_on_charities_that_may_recover_input_tax_and_its_amendments.pdf
core,legislation,VAT,Administrative No. 4 of 2018 on Tax Invoices,"Sep 08, 2021",https://tax.gov.ae/DataFolder/Files/Legislation/13-Decision%204%20-%20Vending%20Machines.pdf,uae_administrative_no_4_of_2018_on_tax_invoices.pdf
core,legislation,VAT,FTA Decision No. 1 of 2019 on Maximum Amount of Cash Refunds under the Tax Refunds for Tourists Scheme,"Sep 08, 2021",https://tax.gov.ae/DataFolder/Files/Legislation/FTA%20Decision%20No%201%20of%202019%20on%20Maximum%20Amount%20of%20Cash%20Refunds%20under%20TRS.pdf,uae_fta_decision_no_1_of_2019_on_maximum_amount_of_cash_refunds_under_the_tax_refunds_for_tour.pdf
core,legislation,VAT,Cabinet Decision No. 1 of 2020 on Refund of Value Added Tax Paid on Goods and Services Connected with Expo 2020 Dubai,"Sep 08, 2021",https://tax.gov.ae/DataFolder/Files/Legislation/Cabinet%20Decision%201%20of%202020%20%20-%20Version%20to%20publish.pdf,uae_cabinet_decision_no_1_of_2020_on_refund_of_value_added_tax_paid_on_goods_and_services_conn.pdf
core,legislation,VAT,Common VAT Agreement of the States of the Gulf Cooperation Council (GCC),"Apr 11, 2021 04:00 PM",https://tax.gov.ae/DataFolder/Files/Legislation/02-GCC-VAT-Agreement.pdf,uae_common_vat_agreement_of_the_states_of_the_gulf_cooperation_council_gcc.pdf
core,legislation,VAT,Cabinet Decision No. 56 of 2017 on Medications and Medical Equipment Subject to Tax at Zero Rate,"Apr 11, 2021",https://tax.gov.ae/DataFolder/Files/Legislation/04-Cabinet-Decision-No-56-of-2017-on-Medications-and-Medical-Equipment.pdf,uae_cabinet_decision_no_56_of_2017_on_medications_and_medical_equipment_subject_to_tax_at_zero.pdf
core,legislation,VAT,Decision No. 7 of 2019 on Tax Invoices and Credit Notes,"Apr 11, 2021",https://tax.gov.ae/DataFolder/Files/Legislation/Invoices_Credit%20Notes%207%20of%202019%20-%20General.pdf,uae_decision_no_7_of_2019_on_tax_invoices_and_credit_notes.pdf
core,legislation,VAT,Cabinet Decision No. (9/12 O) of 2020 on Application of Tax at the Zero Rate on Certain Medical Equipment,"Apr 11, 2021",https://tax.gov.ae/DataFolder/Files/Legislation/Cabinet%20decision%20No%209%2012%20O%20of%202020%20%20version%20to%20publish.pdf,uae_cabinet_decision_no_9_12_o_of_2020_on_application_of_tax_at_the_zero_rate_on_certain_medic.pdf
core,legislation,VAT,Cabinet Decision No. 26 of 2018 on the Refund of Value Added Tax Paid on Services Provided in Exhibitions and Conferences,"Jun 11, 2019",https://tax.gov.ae/DataFolder/Files/Legislation/08-cabinet-decision-no-26-of-2018.pdf,uae_cabinet_decision_no_26_of_2018_on_the_refund_of_value_added_tax_paid_on_services_provided_.pdf
core,legislation,VAT,Cabinet Decision No. 41 of 2018 on Introducing the Tax Refunds for Tourists Scheme,"Jun 11, 2019",https://tax.gov.ae/DataFolder/Files/Legislation/10-Cabinet-Decision-No41-of-2018-on-Tax-Refunds-for-Tourist-Scheme.pdf,uae_cabinet_decision_no_41_of_2018_on_introducing_the_tax_refunds_for_tourists_scheme.pdf
core,legislation,VAT,Federal Tax Authority Decision No. 1 of 2018 on the Requirements for Retailers to Participate in the Value Added Tax Refunds for Tourists Scheme,"Jun 11, 2019",https://tax.gov.ae/DataFolder/Files/Legislation/11-FTA-decision-No-1-of-2018-on-Requirement-of-Retailers.pdf,uae_federal_tax_authority_decision_no_1_of_2018_on_the_requirements_for_retailers_to_participa.pdf
core,legislation,VAT,Ministerial Decision No. 162 of 2022 on Determination of Timelines and Frequency of Submission of Refund Requests for Input Tax Incurred on the Construction and Operation of Mosques,NA,https://tax.gov.ae/Datafolder/Files/Legislation/Ministerial%20Decision%20No.%20162%20of%202022%20-%20For%20publishing.pdf,uae_ministerial_decision_no_162_of_2022_on_determination_of_timelines_and_frequency_of_submiss.pdf
core,legislation,VAT,FTA Decision No 6 of 2022 on Maximum Amount of TRS Cash Refund,NA,https://tax.gov.ae/Datafolder/Files/Legislation/FTA%20Decision%20No.%206%20of%202022%20-%20TRS%20-%20Maximum%20Cash%20Refund%20-%20for%20publishing%20-%2023%2008%202022.pdf,uae_fta_decision_no_6_of_2022_on_maximum_amount_of_trs_cash_refund.pdf
core,legislation,VAT,Federal Tax Authority Decision No. 4 of 2022 Setting On the Time Limit for Claiming Refund of VAT by Tourists,NA,https://tax.gov.ae/DataFolder/Files/Legislation/Federal%20Tax%20Authority%20Decision%20No.%204%20of%202022%20-%20for%20publishing.pdf,uae_federal_tax_authority_decision_no_4_of_2022_setting_on_the_time_limit_for_claiming_refund_.pdf
core,legislation,VAT,List of Designated Zones for VAT Purposes,NA,https://tax.gov.ae/DataFolder/Files/Legislation/Designated%20Zones%20-%2021%2009%202021%20sep21.pdf,uae_list_of_designated_zones_for_vat_purposes.pdf
skip,legislation,Federal Tax Procedures,FTA Decision No. 7 of 2026 on Procedures for the Disposal of Seized and Abandoned Goods - 19 08 2026,"Jun 11, 2026",https://tax.gov.ae/Datafolder/Files/Legislation/2026/FTA%20Decision%20No.%207%20of%202026%20on%20Procedures%20for%20the%20Disposal%20of%20Seized%20and%20Abandoned%20Goods%20-%2019%2008%202026.pdf,uae_fta_decision_no_7_of_2026_on_procedures_for_the_disposal_of_seized_and_abandoned_goods_19_.pdf
core,legislation,Federal Tax Procedures,Ministerial Decision No. 64 of 2025 and its amendments On the eligibility criteria and Accreditation procedure for Service Providers under the Electronic Invoicing System,"Apr 29, 2026",https://tax.gov.ae/Datafolder/Files/Legislation/2026/Ministerial%20Decision%20No.%2064%20of%202025%20and%20its%20amendments%20-%20publishing.pdf,uae_ministerial_decision_no_64_of_2025_and_its_amendments_on_the_eligibility_criteria_and_accr.pdf
core,legislation,Federal Tax Procedures,Ministerial Decision No. 244 of 2025 on The Implementation of the Electronic Invoicing System,"May 06, 2026",https://tax.gov.ae/Datafolder/Files/Pdf/2026/legislation/Ministerial%20Decision%20No.%20244%20of%202025%20on%20The%20Implementation%20of%20the%20Electronic%20Invoicing%20System%20-%20publishing%20-%2007%202026.pdf,uae_ministerial_decision_no_244_of_2025_on_the_implementation_of_the_electronic_invoicing_syst.pdf
core,legislation,Federal Tax Procedures,Cabinet Decision No. 74 of 2023 on Executive Regulation of Tax Procedures and is amendments,"Apr 01, 2026",https://tax.gov.ae/Datafolder/Files/Pdf/2026/legislation/Cabinet-Decision-No-74-of-2023-on-Executive-Regulation-of-Tax-Procedures-and-is-amendments-Publishing-01-04-2026.pdf,uae_cabinet_decision_no_74_of_2023_on_executive_regulation_of_tax_procedures_and_is_amendments.pdf
core,legislation,Federal Tax Procedures,FTA Decision No. 9 of 2025 on the Conditions to Decline the Refund of Residual Amounts,"Dec 04, 2025",https://tax.gov.ae/Datafolder/Files/Legislation/2025/FTA%20Decision%20No.%209%20of%202025%20on%20the%20Conditions%20to%20Decline%20the%20Refund%20of%20the%20residual%20amounts%20-%2004%2012%202025.pdf,uae_fta_decision_no_9_of_2025_on_the_conditions_to_decline_the_refund_of_residual_amounts.pdf
core,legislation,Federal Tax Procedures,Cabinet Decision No. 65 of 2020 on FTA Services Fees and its amendments,"Dec 03, 2025",https://tax.gov.ae/Datafolder/Files/Legislation/2025/Cabinet%20Decision%20No.%2065%20of%202020%20on%20FTA%20Services%20Fees%20and%20its%20amendments%20-%20for%20publishing%20%2024%2012%202025.pdf,uae_cabinet_decision_no_65_of_2020_on_fta_services_fees_and_its_amendments.pdf
core,legislation,Federal Tax Procedures,Federal Decree-Law No. 28 of 2022 and amendments,"Oct 01, 2025",https://tax.gov.ae/Datafolder/Files/Legislation/2025/Federal%20Decree-Law%20No.%2028%20of%202022%20-%20publishing%2003%2012%202025.pdf,uae_federal_decree_law_no_28_of_2022_and_amendments.pdf
skip,legislation,Federal Tax Procedures,Federal Decree-Law No. 7 of 2017 and amendments,"Oct 01, 2025",https://tax.gov.ae/Datafolder/Files/Legislation/2025/Federal%20Decree-Law%20No.%207%20of%202017%20and%20amendments%20-%20publishing%2003%2012%202025.pdf,uae_federal_decree_law_no_7_of_2017_and_amendments.pdf
core,legislation,Federal Tax Procedures,Ministerial Decision No. 243 of 2025 on The Electronic Invoicing System,"Sep 12, 2025",https://tax.gov.ae/Datafolder/Files/Legislation/2025/Ministerial%20Decision%20No.%20243%20of%202025%20on%20The%20Electronic%20Invoicing%20System%20-%20publishing%20-%2010%202024.pdf,uae_ministerial_decision_no_243_of_2025_on_the_electronic_invoicing_system.pdf
core,legislation,Federal Tax Procedures,Cabinet Decision No.106 of 2025 on The Violations and Administrative Penalties Resulting from the Violation of the Legislation Regulating the Electronic Invoicing System,"Oct 09, 2025",https://tax.gov.ae/Datafolder/Files/Legislation/2025/Cabinet%20Decision%20No.%20106%20of%202025.pdf,uae_cabinet_decision_no_106_of_2025_on_the_violations_and_administrative_penalties_resulting_f.pdf
core,legislation,Federal Tax Procedures,Cabinet Decision No. 63 of 2025 on Unincorporated Partnership That is Treated as a Taxable Person in Its Own Right,"May 14, 2025",https://tax.gov.ae/Datafolder/Files/Legislation/2025/Cabinet%20Decision%20No.%2063%20of%202025%20%20on%20Unincorporated%20Partnership%20That%20is%20Treated%20as%20a%20Taxable%20Person%20in%20Its%20Own%20Right.pdf,uae_cabinet_decision_no_63_of_2025_on_unincorporated_partnership_that_is_treated_as_a_taxable_.pdf
core,legislation,Federal Tax Procedures,Federal Tax Authority Decision No. 1 of 2025 On Cases of Extension of the Deadlines for Accepting the Submission of a Tax Assessment Review Request or a Request for Reconsideration,"Feb 17, 2025",https://tax.gov.ae/Datafolder/Files/Pdf/2025/FTA-Decision-No-1-of-2025.pdf,uae_federal_tax_authority_decision_no_1_of_2025_on_cases_of_extension_of_the_deadlines_for_acc.pdf
extra,legislation,Federal Tax Procedures,Federal Tax Authority Decision No. 1 of 2024 - Issued 15 of Jan 2024 - (Effective 1 July 2024) On Professional Standards for Tax Agents,"Jan 15, 2024",https://tax.gov.ae/Datafolder/Files/Pdf/2024/Federal%20tax%20procedure/FTA%20Decision%20No.%201%20of%202024%20on%20Professional%20Standards%20for%20Tax%20Agents%20-%20for%20publishing.pdf,uae_federal_tax_authority_decision_no_1_of_2024_issued_15_of_jan_2024_effective_1_july_2024_on.pdf
extra,legislation,Federal Tax Procedures,Federal Tax Authority Decision No. 14 of 2023 On Additional Conditions for a Juridical Person to be Eligible for Registration as a Tax Agent,"Aug 16, 2023",https://tax.gov.ae/DataFolder/Files/Legislation/Federal-Tax-Authority/FTA%20Decision%20No.%2014%20of%202023%20on%20Additional%20Conditions%20for%20a%20Juridical%20Person%20-%20For%20publishing.pdf,uae_federal_tax_authority_decision_no_14_of_2023_on_additional_conditions_for_a_juridical_pers.pdf
core,legislation,Federal Tax Procedures,"Cabinet Decision No. 105 of 2021 Issue Date: 28 December 2021 On Controls and Procedures for Paying Administrative Penalties by Instalments, and Waiving and Refunding Administrative Penalties","Dec 01, 2021",https://tax.gov.ae/DataFolder/Files/Legislation/Cabinet%20Decision%20No105%20of%202021.pdf,uae_cabinet_decision_no_105_of_2021_issue_date_28_december_2021_on_controls_and_procedures_for.pdf
core,legislation,Federal Tax Procedures,Cabinet Decision No. 49 of 2021 on Amending some Provisions of Cabinet Decision No. 40 of 2017 on the Administrative Penalties for Violation of Tax Laws in the UAE,"Nov 23, 2018",https://tax.gov.ae/DataFolder/Files/Legislation/Cabinet%20Decision%20No%2049%20of%202021%20%20For%20Publishing.pdf,uae_cabinet_decision_no_49_of_2021_on_amending_some_provisions_of_cabinet_decision_no_40_of_20.pdf
skip,legislation,Federal Tax Authority,FTA Decision No. 2 of 2019 and its amendments on Implementing the Marking Tobacco and Tobacco Products Scheme,"Sep 15, 2026",https://tax.gov.ae/Datafolder/Files/Pdf/2026/legislation/FTA%20Decision%20No.%202%20of%202019%20and%20its%20amendments%20-%20publishing.pdf,uae_fta_decision_no_2_of_2019_and_its_amendments_on_implementing_the_marking_tobacco_and_tobac.pdf
skip,legislation,Federal Tax Authority,FTA Decision No. 3 of 2021 and its amendments on Implementing the Marking of Tobacco and Tobacco Products Scheme,"Sep 15, 2026",https://tax.gov.ae/Datafolder/Files/Legislation/2026/FTA%20Decision%20No.%203%20of%202021%20and%20its%20amendments%20-%20publishing.pdf,uae_fta_decision_no_3_of_2021_and_its_amendments_on_implementing_the_marking_of_tobacco_and_to.pdf
skip,legislation,Federal Tax Authority,FTA Decision No. 3 of 2018 and its amendments on Implementing the Marking of Tobacco and Tobacco Products Scheme,"Sep 15, 2026",https://tax.gov.ae/Datafolder/Files/Pdf/2026/legislation/FTA%20Decision%20No.%203%20of%202018%20and%20its%20amendments%20-%20publishing.pdf,uae_fta_decision_no_3_of_2018_and_its_amendments_on_implementing_the_marking_of_tobacco_and_to.pdf
core,legislation,Federal Tax Authority,FTA Decision No. 4 of 2026 on the Rules and Requirements for Maintaining the Information Contained in Accounting Records and Commercial Books,"Jun 02, 2026",https://tax.gov.ae/Datafolder/Files/Legislation/2026/FTA%20Decision%20No.%204%20of%202026%20on%20the%20Rules%20and%20Requirements%20-%2018%2008%202026.pdf,uae_fta_decision_no_4_of_2026_on_the_rules_and_requirements_for_maintaining_the_information_co.pdf
core,legislation,Federal Tax Authority,FTA Decision No. 5 of 2021 on FTA Policy for Issuance of Clarifications and Directives and amendments,"Feb 23, 2026",https://tax.gov.ae/Datafolder/Files/Legislation/2026/FTA-Decisio-No-5-03-2026.pdf,uae_fta_decision_no_5_of_2021_on_fta_policy_for_issuance_of_clarifications_and_directives_and_.pdf
skip,legislation,Federal Tax Authority,Federal Tax Authority Decision No. 7 of 2025 On Determination of the Requirements for Preparing and Maintaining Audited Special Purpose Financial Statements for a Tax Group for the purposes of Federal Decree-Law No. 47 of 2022 on the Taxation of Corporations and Businesses and its amendments,"Jul 16, 2025",https://tax.gov.ae/Datafolder/Files/Legislation/2025/FTA-Decision-No-7-of-2025-for-publishing.pdf,uae_federal_tax_authority_decision_no_7_of_2025_on_determination_of_the_requirements_for_prepa.pdf
skip,legislation,Federal Tax Authority,FTA Decision No 7 of 2024 on Postponement of the Deadline to File a Tax Return and Settle the Corporate Tax Payable,"Sep 25, 2024",https://tax.gov.ae/Datafolder/Files/Legislation/Federal-Tax-Authority/FTA-Decision-No-7-of-2024-Postponement-of-Filing-and-Payment-Deadline.pdf,uae_fta_decision_no_7_of_2024_on_postponement_of_the_deadline_to_file_a_tax_return_and_settle_.pdf
extra,legislation,Federal Tax Authority,FTA Decision No. 5 of 2024 On refund of Fees of Private Clarification Requests,"Jul 19, 2024",https://tax.gov.ae/Datafolder/Files/Legislation/Federal-Tax-Authority/Am-FTA%20Decision%20No.%205%20of%202024%20-%20Refund%20of%20Fees%20of%20Private%20Clarification%20Requests%20-%2023%2007%202024.pdf,uae_fta_decision_no_5_of_2024_on_refund_of_fees_of_private_clarification_requests.pdf
skip,legislation,Federal Tax Authority,Federal Tax Authority Decision No. 3 of 2024 – Issued 22 February 2024 on The Timeline specified for Registration of Taxable Persons for Corporate Tax for the purposes of Federal Decree-Law No. 47 of 2022 on the Taxation of Corporations and Businesses and its amendments,"Feb 26, 2024",https://tax.gov.ae/Datafolder/Files/Legislation/RE%20FTA%20Decision%20No.%203%20of%202024%20on%20Registration%20Timeline%20for%20Corporate%20Tax%20%20-%20For%20publishing.pdf,uae_federal_tax_authority_decision_no_3_of_2024_issued_22_february_2024_on_the_timeline_specif.pdf
extra,legislation,Federal Tax Authority,Federal Tax Authority Decision No. 15 of 2023 on Professional Development Requirements for Natural Person Tax Agents,"Dec 13, 2023",https://tax.gov.ae/DataFolder/Files/Legislation/18-12-2023/FTA%20Decision%20No.%2015%20of%202023%20on%20CPD%20Requirements%20for%20Natural%20Person%20Tax%20Agents%20-%2015%2012%202023.pdf,uae_federal_tax_authority_decision_no_15_of_2023_on_professional_development_requirements_for_.pdf
core,legislation,Federal Tax Authority,Cabinet Decision No. 65 of 2020 On Fees for the Services Provided by the Federal Tax Authority and its amendments,"Nov 13, 2023",https://tax.gov.ae/Datafolder/Files/Legislation/Cabinet%20Decision%20No.%2065%20of%202020%20on%20FTA%20Services%20Fees%20-%20for%20publishing%20-%2011%202023%20replace.pdf,uae_cabinet_decision_no_65_of_2020_on_fees_for_the_services_provided_by_the_federal_tax_author.pdf
skip,legislation,Federal Tax Authority,Federal Tax Authority Decision No. 13 of 2023 On Determination of Conditions for Conversion of Amounts Quantified in a Currency other than the United Arab Emirates Dirham for the Purposes of the Federal Decree-Law No. 47 of 2022 on the Taxation of Corporations and Businesses,"Aug 16, 2023",https://tax.gov.ae/Datafolder/Files/Legislation/Federal-Tax-Authority/FTA%20Decision%20No.%2013%20of%202023%20on%20Determination%20of%20Conditions%20for%20Conversion%20of%20Amounts%20Quantified%20in%20a%20Currency%20other%20than%20AED%20-%20for%20publishing.pdf,uae_federal_tax_authority_decision_no_13_of_2023_on_determination_of_conditions_for_conversion.pdf
skip,legislation,Federal Tax Authority,Federal Tax Authority Decision No. 12 of 2023 on Conditions for Forming the Tax Group by Subsidiaries of a Government Entity for the Purposes of Federal Decree-Law No. 47 of 2022 on the Taxation of Corporations and Businesses,"Aug 16, 2022",https://tax.gov.ae/Datafolder/Files/Legislation/Federal-Tax-Authority/FTA%20Decision%20No.%2012%20of%202023%20on%20Conditions%20for%20Forming%20Tax%20Group%20of%20the%20Government%20Owned%20Subsidiaries%20-%20for%20publishing.pdf,uae_federal_tax_authority_decision_no_12_of_2023_on_conditions_for_forming_the_tax_group_by_su.pdf
skip,legislation,Federal Tax Authority,Federal Tax Authority Decision No. 11 of 2023 on Requirements of Submitting a Declaration for Exempt Persons for purposes of Federal Decree-Law No. 47 of 2022 on the Taxation of Corporations and Businesses,"Aug 16, 2023",https://tax.gov.ae/Datafolder/Files/Legislation/Federal-Tax-Authority/FTA%20Decision%20No.%2011%20of%202023%20on%20The%20Requirements%20of%20Submitting%20a%20Declaration%20for%20Exempt%20Persons%20-%20for%20publishing.pdf,uae_federal_tax_authority_decision_no_11_of_2023_on_requirements_of_submitting_a_declaration_f.pdf
extra,legislation,Federal Tax Authority,Federal Decree-Law on the Establishment of the Federal Tax Authority,"Nov 15, 2018",https://tax.gov.ae/DataFolder/Files/Legislation/Establishment%20of%20the%20Federal%20Tax%20Authority%20-%20Law%20and%20amendment%20-%20To%20publish.pdf,uae_federal_decree_law_on_the_establishment_of_the_federal_tax_authority.pdf
core,guides,Public Clarifications,Amendments to the VAT Federal Decree-Law No. 8 of 2017 – Federal Decree-Law No. 16 of 2024 and Federal Decree-Law No. 16 of 2025,"Sep 04, 2026",https://tax.gov.ae/Datafolder/Files/Guides/VAT/PublicClarifications/VATP046%20-%20Amendments%20to%20VAT%20Decree-Law%20-%2009%202026.pdf,uae_amendments_to_the_vat_federal_decree_law_no_8_of_2017_federal_decree_law_no_16_of_2024_and.pdf
core,guides,Public Clarifications,VATP045 - Concerned Goods - Tax Invoices and Input Tax Recovery,"Aug 26, 2026",https://tax.gov.ae/Datafolder/Files/Pdf/2026/Guide/VATP045%20-%20Concerned%20Goods%20-%20Tax%20Invoices%20and%20Input%20Tax%20recovery%20-%2008%202026.pdf,uae_vatp045_concerned_goods_tax_invoices_and_input_tax_recovery.pdf
core,guides,General Procedure,PriVATe Clarifications Tax Procedures | TPGPC1,"Jul 15, 2026",https://tax.gov.ae/Datafolder/Files/Pdf/2026/Guide/Private%20Clarifications%20-%20EN%20-%2014%2007%202026.pdf,uae_private_clarifications_tax_procedures_tpgpc1.pdf
core,guides,VAT Guides,Education Sector | VATGED1,"Jun 29, 2026",https://tax.gov.ae/Datafolder/Files/Pdf/2026/Guide/VAT%20Education%20Guide%20-%2029%2006%202026-rep.pdf,uae_education_sector_vatged1.pdf
core,guides,VAT Guides,VAT Refund for UAE Nationals Building New Residences | VATGRH1,"Jun 10, 2026",https://tax.gov.ae/Datafolder/Files/Pdf/2026/Guide/VAT%20Refund%20for%20UAE%20Nationals%20Building%20New%20Residences%20-%20EN%20-%2009%2006%202026.pdf,uae_vat_refund_for_uae_nationals_building_new_residences_vatgrh1.pdf
skip,guides,Archive VAT Guides,VAT Refund for UAE Nationals Building New Residences | VATGRH1,"Apr 10, 2026",https://tax.gov.ae/Datafolder/Files/Pdf/2026/Guide/VAT-Refund-for-UAE-Nationals-Building-New-Residences-EN-10%2004%202026.pdf,uae_vat_refund_for_uae_nationals_building_new_residences_vatgrh1_1a504b.pdf
core,guides,VAT Guides,Profit Margin Scheme | VATGPM1,"Jan 05, 2026",https://tax.gov.ae/Datafolder/Files/Pdf/2026/Guide/Profit%20Margin-Scheme-EN-02-01-2026-re.pdf,uae_profit_margin_scheme_vatgpm1.pdf
core,guides,VAT Guides,VAT Administrative Exceptions Guide,"Dec 05, 2025",https://tax.gov.ae/Datafolder/Files/Pdf/2025/VAT%20Administrative%20Exceptions%20Guide%20-%20EN%20-%2005%2012%202025.pdf,uae_vat_administrative_exceptions_guide.pdf
extra,guides,VAT Guides,VAT Tax Group Registration,"Oct 13, 2025",,
extra,guides,VAT Guides,VAT Tax Group Amendment Guide,"Oct 13, 2025",,
core,guides,VAT Guides,Input Tax Apportionment Special Methods,"Sep 30, 2025",https://tax.gov.ae/DownloadOpenTextFile?fileUrl=en/VAT_VAT_Guides/Input_Tax_Apportionment_Special_Methods/Input%20Tax%20Apportionment%20Guide%20EN%20-%2030%2009%202025.pdf,uae_input_tax_apportionment_special_methods.pdf
extra,guides,VAT Guides,Maskan supplier web portal,"Sep 01, 2025",https://tax.gov.ae/DownloadOpenTextFile?fileUrl=en/VAT_VAT_Guides/Maskan%20supplier%20web%20portal/Maskan%20supplier%20web%20portal%20-Manual%20guide%20-%20V2.0.pdf,uae_maskan_supplier_web_portal.pdf
skip,guides,Corporate Tax Guides archive,PriVATe Clarifications - TPGPC1,"Jul 25, 2025",https://tax.gov.ae/Datafolder/Files/Guides/VAT/General%20Procedure/Private-Clarifications-EN-24-07-2025.pdf,uae_private_clarifications_tpgpc1.pdf
skip,guides,Excise Archive,PriVATe Clarifications - TPGPC1,"Jul 25, 2025",https://tax.gov.ae/Datafolder/Files/Guides/VAT/General%20Procedure/Private-Clarifications-EN-18-11-2024.pdf,uae_private_clarifications_tpgpc1_17f13a.pdf
core,guides,Public Clarifications,"Concerned Services – Accounting for Output Tax, issuing Tax Invoices, and Input Tax recovery Issue","May 27, 2025",https://tax.gov.ae/Datafolder/Files/Pdf/2025/VATP044-Concerned-services-Tax-invoices-and-input-tax-recovery-26-05-2025.pdf,uae_concerned_services_accounting_for_output_tax_issuing_tax_invoices_and_input_tax_recovery_i.pdf
extra,guides,Tax payer Bulletin,Taxpayers Bulletin – March 2025,"May 14, 2025",https://tax.gov.ae/Datafolder/Files/Pdf/2025/March-2025-Bulletin.pdf,uae_taxpayers_bulletin_march_2025.pdf
extra,guides,Tax payer Bulletin,Taxpayers Bulletin – April 2025,"May 14, 2025",https://tax.gov.ae/Datafolder/Files/Pdf/2025/April-Bulletin-Design.pdf,uae_taxpayers_bulletin_april_2025.pdf
core,guides,Public Clarifications,Gold and Diamonds – Amendment to Tax Treatment of Making Service | VATP032,"Apr 30, 2025",https://tax.gov.ae/Datafolder/Files/Pdf/2025/VATP032-Gold-and-Diamond-Making-Charge-Replacement-30-04-2025.pdf,uae_gold_and_diamonds_amendment_to_tax_treatment_of_making_service_vatp032.pdf
core,guides,Public Clarifications,Application of the Reverse Charge Mechanism on Precious Metals and Precious Stones between Registrants in the State for the purposes of Value Added Tax | VATP043,"Apr 30, 2025",https://tax.gov.ae/Datafolder/Files/Pdf/2025/VATP043-Precious-Metals-and-Precious-Stones-01-05-2025.pdf,uae_application_of_the_reverse_charge_mechanism_on_precious_metals_and_precious_stones_between.pdf
core,guides,Public Clarifications,Value of supply - Barter Transactions | VATP042,"Apr 28, 2025",https://tax.gov.ae/Datafolder/Files/Pdf/2025/VATP042-Barter-Transactions-28-04-2025.pdf,uae_value_of_supply_barter_transactions_vatp042.pdf
core,guides,Public Clarifications,Crypto currency Mining | VATP039,"Apr 28, 2025",https://tax.gov.ae/Datafolder/Files/Pdf/2024/VATP039-Crypto-Mining.pdf,uae_crypto_currency_mining_vatp039.pdf
core,guides,Public Clarifications,VATP040 | Amendments to the Executive Regulation of Federal Decree-Law No. 8 of 2017 on Value Added Tax – Cabinet Decision No. 100 of 2024,"Apr 28, 2025",https://tax.gov.ae/Datafolder/Files/Pdf/2025/VATP040%20-%20Amendments%20to%20VAT%20ER%20-%2014%2003%202025.pdf,uae_vatp040_amendments_to_the_executive_regulation_of_federal_decree_law_no_8_of_2017_on_value.pdf
core,guides,Public Clarifications,SWIFT messages | VATP041,"Apr 28, 2025",https://tax.gov.ae/Datafolder/Files/Pdf/2025/VATP041-Swift-Messages-11-04%202025.pdf,uae_swift_messages_vatp041.pdf
core,guides,Public Clarifications,SWIFT messages | VATP036,"Apr 14, 2025",https://tax.gov.ae/Datafolder/Files/Pdf/2025/VATP036-Input-tax-recovery-SWIFT-messages-04-04-2025.pdf,uae_swift_messages_vatp036.pdf
extra,guides,Tax payer Bulletin,Taxpayers Bulletin - February 2025,"Mar 18, 2025",https://tax.gov.ae/Datafolder/Files/Pdf/2025/February-Bulletin-2025.pdf,uae_taxpayers_bulletin_february_2025.pdf
extra,guides,Tax payer Bulletin,Taxpayer Bulletin - July 2024,"Feb 18, 2025",https://tax.gov.ae/Datafolder/Files/Pdf/2024/FTA-Tax%20payer-Bulletin-July-2024.pdf,uae_taxpayer_bulletin_july_2024.pdf
extra,guides,Tax payer Bulletin,Taxpayer Bulletin - August 2024,"Feb 18, 2025",https://tax.gov.ae/Datafolder/Files/Pdf/2024/FTA-Tax%20payer-Bulletin-August-2024-v2%20final.pdf,uae_taxpayer_bulletin_august_2024.pdf
extra,guides,Tax payer Bulletin,Taxpayer Bulletin - September 2024,"Feb 18, 2025",https://tax.gov.ae/Datafolder/Files/Pdf/2024/FTA-Tax%20payer-Bulletin-September-2024%20%28002%29%20final.pdf,uae_taxpayer_bulletin_september_2024.pdf
extra,guides,Tax payer Bulletin,Taxpayer Bulletin - October 2024,"Feb 18, 2025",https://tax.gov.ae/DataFolder/Files/Pdf/2024/FTA-Tax%20payer-Bulletin-October2024%20B.pdf,uae_taxpayer_bulletin_october_2024.pdf
extra,guides,Tax payer Bulletin,Taxpayers bulletin - November 2024,"Feb 18, 2025",https://tax.gov.ae/Datafolder/Files/Newsletters/Taxpayers-Bulletin-NOV-2024.pdf,uae_taxpayers_bulletin_november_2024.pdf
extra,guides,Tax payer Bulletin,Taxpayers bulletin - December 2024,"Feb 18, 2025",https://tax.gov.ae/Datafolder/Files/Newsletters/Taxpayers-Bulletin-DEC-2024.pdf,uae_taxpayers_bulletin_december_2024.pdf
extra,guides,Tax payer Bulletin,Taxpayers bulletin - January 2025,"Feb 18, 2025",https://tax.gov.ae/Datafolder/Files/Pdf/2025/Taxpayers%20Bulletin%20January%202025%20%282%29%20last.pdf,uae_taxpayers_bulletin_january_2025.pdf
extra,guides,General Procedure,Raqeeb: Whistle Blower Program for Tax Violations and Evasion User Guide,"Dec 31, 2024",https://tax.gov.ae/Datafolder/Files/Pdf/2024/Raqeeb-26-12-2024.pdf,uae_raqeeb_whistle_blower_program_for_tax_violations_and_evasion_user_guide.pdf
skip,guides,Archive VAT Guides,Raqeeb: Whistle Blower Program for Tax Violations and Evasion User Guide,"Dec 31, 2024",https://tax.gov.ae/DataFolder/Files/Pdf/2022/USEGWB001%20-%20Whistleblowing%20User%20Guide%20-%2014%2004%202022%20-%20EN.pdf,uae_raqeeb_whistle_blower_program_for_tax_violations_and_evasion_user_guide_cff381.pdf
core,guides,VAT Guides,Charities Guide,"Nov 18, 2024",https://tax.gov.ae/DownloadOpenTextFile?fileUrl=en/VAT_VAT_Guides/Charities_Guide/Charities%20List%20-%2001%2008%202024.pdf,uae_charities_guide_1.pdf
core,guides,VAT Guides,Charities Guide,"Nov 18, 2024",https://tax.gov.ae/DownloadOpenTextFile?fileUrl=en/VAT_VAT_Guides/Charities_Guide/Charities%20List%20-%2015%2011%202024.pdf,uae_charities_guide_2.pdf
core,guides,VAT Guides,Charities Guide,"Nov 18, 2024",https://tax.gov.ae/DownloadOpenTextFile?fileUrl=en/VAT_VAT_Guides/Charities_Guide/Charities_VAT_Guide_VATGCH1_EN_29_04_2020_EN.pdf,uae_charities_guide_3.pdf
core,guides,Public Clarifications,Tax Assessment Reviews - TAXP008,"Nov 13, 2024",https://tax.gov.ae/Datafolder/Files/Pdf/2024/TAXP008-Tax-Assessment-Review-13-11-2024.pdf,uae_tax_assessment_reviews_taxp008.pdf
core,guides,Public Clarifications,TAXP007 - Grace period to update information in tax records,"Nov 06, 2024",https://tax.gov.ae/Datafolder/Files/Pdf/2024/TAXP007-Grace-period-to-correct-tax-records-05-11-2024.pdf,uae_taxp007_grace_period_to_update_information_in_tax_records.pdf
extra,guides,Tax payer Bulletin,Taxpayers Bulletin June 2023,"Sep 18, 2024",https://tax.gov.ae/Datafolder/Files/Pdf/2023/News%20letter%20for%20publishing/FTA%20Bulletin%20Emailer%20-%20Designs%20%28REAL%29%20v2%205.pdf,uae_taxpayers_bulletin_june_2023.pdf
extra,guides,Tax payer Bulletin,Taxpayers Bulletin – June 2024,"Jul 26, 2024",https://tax.gov.ae/Datafolder/Files/Pdf/2024/bulletin-june-2024.pdf,uae_taxpayers_bulletin_june_2024.pdf
extra,guides,Tax payer Bulletin,Taxpayers Bulletin – MAY 2024,"Jul 08, 2024",https://tax.gov.ae/Datafolder/Files/Pdf/2024/FTA-Tax%20payer-Bulletin-May-2024.pdf,uae_taxpayers_bulletin_may_2024.pdf
core,guides,Public Clarifications,Manpower vs Visa Facilitation Services - VATP038,"May 31, 2024",https://tax.gov.ae/Datafolder/Files/Pdf/2024/VATP038%20-%20Manpower%20vs%20Visa%20Facilitation%20Services%20-%2030%2005%202024.pdf,uae_manpower_vs_visa_facilitation_services_vatp038.pdf
extra,guides,Tax payer Bulletin,Taxpayers Bulletin – April 2024,"May 31, 2024",https://tax.gov.ae/Datafolder/Files/Pdf/2024/FTA-Tax%20payer-BulletinApril-2024-%20final%20v.pdf,uae_taxpayers_bulletin_april_2024.pdf
core,guides,Public Clarifications,Performing the function of Director on a Board of Directors by a Natural person - VATP037,"May 13, 2024",https://tax.gov.ae/Datafolder/Files/Guides/VAT/PublicClarifications/VATP037%20-%20Director%20services%20-%20for%20publishing%20-%2013%2005%202024.pdf,uae_performing_the_function_of_director_on_a_board_of_directors_by_a_natural_person_vatp037.pdf
extra,guides,Tax payer Bulletin,Taxpayers bulletin - November 2023,"May 13, 2024",https://tax.gov.ae/Datafolder/Files/Newsletters/FTA-Tax%20payer-November%20Bulletin.pdf,uae_taxpayers_bulletin_november_2023.pdf
extra,guides,Tax payer Bulletin,Taxpayers bulletin - MAR 2024,"Apr 19, 2024",https://tax.gov.ae/Datafolder/Files/Pdf/2024/FTA-Tax%20payer-Bulletin-March-2024%20Final.pdf,uae_taxpayers_bulletin_mar_2024.pdf
core,guides,VAT Guides,Tax Groups Guide – Value Added Tax,"Mar 25, 2024",https://tax.gov.ae/DownloadOpenTextFile?fileUrl=en/VAT_VAT_Guides/Tax_Groups_Guide_Value_Added_Tax/Tax_Groups_Guide_EN.pdf,uae_tax_groups_guide_value_added_tax.pdf
extra,guides,Tax payer Bulletin,Taxpayers bulletin - FEB 2024,"Mar 12, 2024",https://tax.gov.ae/Datafolder/Files/Pdf/2024/FTA-Tax%20payer-Bulletin-February%202024%20final.pdf,uae_taxpayers_bulletin_feb_2024.pdf
extra,guides,Tax payer Bulletin,Taxpayers bulletin - January 2024,"Feb 09, 2024",https://tax.gov.ae/Datafolder/Files/Newsletters/FTA-Tax%20payer-Bulletin-January%202024%20final.pdf,uae_taxpayers_bulletin_january_2024.pdf
extra,guides,Tax payer Bulletin,Taxpayers bulletin - December 2023,"Feb 09, 2024",https://tax.gov.ae/Datafolder/Files/Newsletters/FTA-Tax%20payer-December-Bulletin-Final%201.pdf,uae_taxpayers_bulletin_december_2023.pdf
extra,guides,General Procedures,Manage Online User,"Dec 14, 2023",https://tax.gov.ae/DownloadOpenTextFile?fileUrl=en/VAT_General_Procedures/Manage_Online_User/Link_multiple_User_EN.pdf,uae_manage_online_user_1.pdf
extra,guides,General Procedures,Manage Online User,"Dec 14, 2023",https://tax.gov.ae/DownloadOpenTextFile?fileUrl=en/VAT_General_Procedures/Manage_Online_User/Manage_Online_User_EN.pdf,uae_manage_online_user_2.pdf
core,guides,Public Clarifications,Ministerial Decision No. 262 of 2023 on the Criteria to be Followed in the Determination of Parts and Pieces of Electronic Devices,"Dec 02, 2023",https://tax.gov.ae/Datafolder/Files/Pdf/Relevant%20Publications/VATP035%20-%20Criteria%20Pieces%20and%20Parts%20Electronic%20Devices%20-%2001%2012%202023.pdf,uae_ministerial_decision_no_262_of_2023_on_the_criteria_to_be_followed_in_the_determination_of.pdf
extra,guides,Tax payer Bulletin,Taxpayer’s Bulletin – October 2023,"Nov 24, 2023",https://tax.gov.ae/Datafolder/Files/Pdf/2023/News%20letter%20for%20publishing/FTA-Tax%20payer-October%20Bulletin.pdf,uae_taxpayer_s_bulletin_october_2023.pdf
extra,guides,Tax payer Bulletin,Taxpayer’s Bulletin – September 2023,"Nov 24, 2023",https://tax.gov.ae/DataFolder/Files/Pdf/2023/News%20letter%20for%20publishing/FTA-Taxpayers%20Bulletin%20September2023-V2.pdf,uae_taxpayer_s_bulletin_september_2023.pdf
core,guides,Public Clarifications,Application of the Reverse Charge Mechanism on Electronic Devices among Registrants in the State for the purposes of Value Added Tax,"Oct 08, 2023",https://tax.gov.ae/Datafolder/Files/Guides/VAT/PublicClarifications/VATP034%20-%20Reverse%20Charge%20Mechanism%20on%20Electronic%20Devices%20-%2006%2010%202023.pdf,uae_application_of_the_reverse_charge_mechanism_on_electronic_devices_among_registrants_in_the.pdf
extra,guides,Tax payer Bulletin,Taxpayer’s Bulletin – August 2023,"Sep 13, 2023",https://tax.gov.ae/Datafolder/Files/Pdf/2023/News%20letter%20for%20publishing/FTA-Taxpayers%20Bulletin%20August%202023-V2.pdf,uae_taxpayer_s_bulletin_august_2023.pdf
extra,guides,VAT Guides,Resubmit VAT Voluntary Disclosure,"Aug 14, 2023",https://tax.gov.ae/DownloadOpenTextFile?fileUrl=en/VAT_VAT_Guides/Resubmit_VAT_Voluntary_Disclosure/Process_resubmitted_VAT_Voluntary_Disclosure_for_e-commerce_reporting_EN.pdf,uae_resubmit_vat_voluntary_disclosure_1.pdf
extra,guides,VAT Guides,Resubmit VAT Voluntary Disclosure,"Aug 14, 2023",https://tax.gov.ae/DownloadOpenTextFile?fileUrl=en/VAT_VAT_Guides/Resubmit_VAT_Voluntary_Disclosure/Process_submitted_VAT_Voluntary_Disclosure_EN.pdf,uae_resubmit_vat_voluntary_disclosure_2.pdf
extra,guides,VAT Guides,VAT Returns form - VAT 201,"Aug 14, 2023",https://tax.gov.ae/DownloadOpenTextFile?fileUrl=en/VAT_VAT_Guides/VAT_Returns_form/Process_the_VAT_201_returns_form_EN.pdf,uae_vat_returns_form_vat_201_1.pdf
extra,guides,VAT Guides,VAT Returns form - VAT 201,"Aug 14, 2023",https://tax.gov.ae/DownloadOpenTextFile?fileUrl=en/VAT_VAT_Guides/VAT_Returns_form/VAT_201_returns_form_for_e-commerce_reporting.pdf,uae_vat_returns_form_vat_201_2.pdf
extra,guides,VAT Guides,Process Final VAT return - VAT 201,"Aug 14, 2023",https://tax.gov.ae/DownloadOpenTextFile?fileUrl=en/VAT_VAT_Guides/Process_Final_VAT_return/Final_VAT_return_for_e-commerce_reporting.pdf,uae_process_final_vat_return_vat_201_1.pdf
extra,guides,VAT Guides,Process Final VAT return - VAT 201,"Aug 14, 2023",https://tax.gov.ae/DownloadOpenTextFile?fileUrl=en/VAT_VAT_Guides/Process_Final_VAT_return/Process_Final_VAT_return_EN.pdf,uae_process_final_vat_return_vat_201_2.pdf
extra,guides,VAT Guides,Submit VAT Voluntary Disclosure by VAT Registrant,"Aug 14, 2023",https://tax.gov.ae/DownloadOpenTextFile?fileUrl=en/VAT_VAT_Guides/Submit_VAT_Voluntary_Disclosure_by_VAT_Registrant/Submit_VAT_Voluntary_Disclosure_by_VAT_Registrant_EN.pdf,uae_submit_vat_voluntary_disclosure_by_vat_registrant_1.pdf
extra,guides,VAT Guides,Submit VAT Voluntary Disclosure by VAT Registrant,"Aug 14, 2023",https://tax.gov.ae/DownloadOpenTextFile?fileUrl=en/VAT_VAT_Guides/Submit_VAT_Voluntary_Disclosure_by_VAT_Registrant/VAT_Voluntary_Disclosure_for_e-commerce_reporting.pdf,uae_submit_vat_voluntary_disclosure_by_vat_registrant_2.pdf
extra,guides,Tax payer Bulletin,Taxpayer’s Bulletin – July 2023,"Aug 10, 2023",https://tax.gov.ae/Datafolder/Files/Pdf/2023/News%20letter%20for%20publishing/FTA%20Bulletin%20Emailer%20-%20July%202023%20-%20Final%20Approved.pdf,uae_taxpayer_s_bulletin_july_2023.pdf
core,guides,Public Clarifications,Issuance of a New Tax Procedures Executive Regulation,"Jul 28, 2023",https://tax.gov.ae/Datafolder/Files/Pdf/Relevant%20Publications/TAXP006%20-%20Issuance%20of%20Tax%20Procedures%20Executive%20Regulation%20-%20For%20Publishing.pdf,uae_issuance_of_a_new_tax_procedures_executive_regulation.pdf
extra,guides,Tax payer Bulletin,May 2023 Bulletin,"Jul 14, 2023",https://tax.gov.ae/Datafolder/Files/Pdf/2023/News%20letter%20for%20publishing/Taxpayer%20Bulletin%20%E2%80%93%20May-2023%20v4.pdf,uae_may_2023_bulletin.pdf
skip,guides,Corporate Tax Guides archive,PRIVATE Clarifications Tax Procedures TPGPC1,"Jun 01, 2023",https://tax.gov.ae/Datafolder/Files/Legislation/Private%20Clarifications/Private%20Clarifications%20-%20EN%20-%2031%2005%202023.pdf,uae_private_clarifications_tax_procedures_tpgpc1_4dd41c.pdf
extra,guides,Tax payer Bulletin,April 2023 Bulletin,"May 05, 2023",https://tax.gov.ae/Datafolder/Files/Pdf/2023/News%20letter%20for%20publishing/Taxpayer%20Bulletin%20%E2%80%93%20April-2023%20%281%29.pdf,uae_april_2023_bulletin.pdf
extra,guides,Tax payer Bulletin,March 2023 Bulletin,"May 05, 2023",https://tax.gov.ae/Datafolder/Files/Pdf/2023/News%20letter%20for%20publishing/Taxpayer%20Bulletin%20%E2%80%93%2030-March-2023-a.pdf,uae_march_2023_bulletin.pdf
extra,guides,Tax payer Bulletin,Feb 2023 Bulletin,"May 05, 2023",https://tax.gov.ae/Datafolder/Files/Pdf/2023/News%20letter%20for%20publishing/Taxpayer%20Bulletin%20%E2%80%93%20Final%20-%20Feb%202023.pdf,uae_feb_2023_bulletin.pdf
extra,guides,Tax payer Bulletin,April 2022 Bulletin,"May 05, 2023",https://tax.gov.ae/Datafolder/Files/Pdf/2023/News%20letter%20for%20publishing/FTA%20Taxpayer%20Bulletin%20April%202022%20v8%20opt.pdf,uae_april_2022_bulletin.pdf
extra,guides,Tax payer Bulletin,March 2022 Bulletin,"May 05, 2023",https://tax.gov.ae/Datafolder/Files/Pdf/2023/News%20letter%20for%20publishing/FTA%20Taxpayers%20Bulletin%20March%201st%20%28v3%29%20%281%29.pdf,uae_march_2022_bulletin.pdf
extra,guides,Tax payer Bulletin,Feb 2022 Bulletin,"May 05, 2023",https://tax.gov.ae/Datafolder/Files/Pdf/2023/News%20letter%20for%20publishing/9142%20FTA%20External%20Monthly%20Newsletter%20February%2009.pdf,uae_feb_2022_bulletin.pdf
extra,guides,Tax payer Bulletin,Jan 2022 Bulletin 2,"May 05, 2023",https://tax.gov.ae/Datafolder/Files/Pdf/2023/News%20letter%20for%20publishing/Newsletter%2010%20-%20Jan%202022.pdf,uae_jan_2022_bulletin_2.pdf
extra,guides,Tax payer Bulletin,Jan 2022 Bulletin 1,"May 05, 2023",https://tax.gov.ae/Datafolder/Files/Pdf/2023/News%20letter%20for%20publishing/Newsletter%209%20-%20Jan%202022.pdf,uae_jan_2022_bulletin_1.pdf
extra,guides,Tax payer Bulletin,June 2021 Bulletin,"May 04, 2023",https://tax.gov.ae/DataFolder/Files/Pdf/9142%20FTA%20External%20Monthly%20Newsletter%20June%2006_01.pdf,uae_june_2021_bulletin.pdf
extra,guides,Tax payer Bulletin,July 2021 Bulletin,"May 04, 2023",https://tax.gov.ae/DataFolder/Files/Pdf/FTA%20External%20Monthly%20Newsletter%20July%2007.pdf,uae_july_2021_bulletin.pdf
extra,guides,Tax payer Bulletin,August 2021 Bulletin,"May 04, 2023",https://tax.gov.ae/DataFolder/Files/Pdf/9142%20FTA%20External%20Monthly%20Newsletter%20August%2003.pdf,uae_august_2021_bulletin.pdf
extra,guides,Tax payer Bulletin,September 2021 Bulletin,"May 04, 2023",,
extra,guides,VAT Guides,Amendments of Accredited Foreign Missions and Diplomats master details,"Mar 02, 2023",https://tax.gov.ae/DownloadOpenTextFile?fileUrl=en/VAT_VAT_Guides/Amendments_of_Accredited_Foreign_Missions_and_Diplomats_master_details/Amendments_of_Accredited_Foreign_Missions_and_Diplomats_master_details_EN.pdf,uae_amendments_of_accredited_foreign_missions_and_diplomats_master_details.pdf
core,guides,Public Clarifications,Amendments to Emirates’ Reporting – Electronic Commerce Supplies by Qualifying Registrants,"Feb 24, 2023",https://tax.gov.ae/Datafolder/Files/Pdf/VATP033%20-%20Amendments%20to%20Emirates%20Reporting%20-%2023%2002%202023.pdf,uae_amendments_to_emirates_reporting_electronic_commerce_supplies_by_qualifying_registrants.pdf
extra,guides,General Procedures,Reconsideration request,"Feb 24, 2023",https://tax.gov.ae/DownloadOpenTextFile?fileUrl=en/VAT_General_Procedures/Reconsideration_request/Reconsideration_request_EN.pdf,uae_reconsideration_request.pdf
extra,guides,VAT Guides,Initiate Direct Refund Claim by VAT Registrants VAT 311,"Feb 19, 2023",https://tax.gov.ae/DownloadOpenTextFile?fileUrl=en/VAT_VAT_Guides/Initiate_Direct_Refund__Claim_by_VAT_Registrants_VAT_311/Initiate_Direct_Refund_Claim_VAT_311_by_VAT_Registrants_EN.pdf,uae_initiate_direct_refund_claim_by_vat_registrants_vat_311.pdf
extra,guides,VAT Guides,Business Visitor and UAE Nationals Building New Residences Dashboard,"Feb 19, 2023",https://tax.gov.ae/DownloadOpenTextFile?fileUrl=en/VAT_VAT_Guides/Business_Visitor_and_UAE_Nationals_Building_New_Residences_Dashboard/Business_Visitor_and_UAE_Nationals_Building_New_Residences_Dashboard_EN.pdf,uae_business_visitor_and_uae_nationals_building_new_residences_dashboard.pdf
extra,guides,VAT Guides,Foreign Mission and Diplomats Dashboard,"Feb 19, 2023",https://tax.gov.ae/DownloadOpenTextFile?fileUrl=en/VAT_VAT_Guides/Foreign_Mission_and_Diplomats_Dashboard/Foreign_Mission_and_Diplomats_Dashboard_EN.pdf,uae_foreign_mission_and_diplomats_dashboard.pdf
extra,guides,General Procedures,Login to EmaraTax using UAE PASS,"Jan 31, 2023",https://tax.gov.ae/DownloadOpenTextFile?fileUrl=en/VAT_General_Procedures/Login_to_EmaraTax_using_UAE_PASS/Login_with_UAE_PASS_V1_EN.pdf,uae_login_to_emaratax_using_uae_pass.pdf
extra,guides,General Procedures,Taxable Person Dashboard,"Jan 31, 2023",https://tax.gov.ae/DownloadOpenTextFile?fileUrl=en/VAT_General_Procedures/Taxable_Person_Dashboard/Taxable_Person_Dashboard_EN.pdf,uae_taxable_person_dashboard.pdf
extra,guides,VAT Guides,Processing VAT Indirect Refund Claim Business Visitor,"Dec 14, 2022",https://tax.gov.ae/DownloadOpenTextFile?fileUrl=en/VAT_VAT_Guides/Processing_VAT_Indirect_Refund_Claim_Business_Visitor/Processing_VAT_Indirect_Refund_Claim_Business_Visitor_Update_bank_details_EN.pdf,uae_processing_vat_indirect_refund_claim_business_visitor.pdf
extra,guides,VAT Guides,Resubmit VAT Indirect Refund application for Business Visitor,"Dec 14, 2022",https://tax.gov.ae/DownloadOpenTextFile?fileUrl=en/VAT_VAT_Guides/Resubmit_refund_application_for_Business_Visitor/Processing_VAT_Indirect_Refund_Claim_Business_Visitor_Resubmit_refund_request_EN.pdf,uae_resubmit_vat_indirect_refund_application_for_business_visitor.pdf
extra,guides,VAT Guides,Tax Group Registration,"Dec 14, 2022",https://tax.gov.ae/DownloadOpenTextFile?fileUrl=en/VAT_VAT_Guides/Tax_Group_Registration/Register_Tax_Group_EN.pdf,uae_tax_group_registration.pdf
extra,guides,VAT Guides,Convert VAT Registration exception TINXC to VAT Registration TRN,"Dec 14, 2022",https://tax.gov.ae/DownloadOpenTextFile?fileUrl=en/VAT_VAT_Guides/Convert_TINXC_to_TRN/Convert_TINXC_to_TRN_EN.pdf,uae_convert_vat_registration_exception_tinxc_to_vat_registration_trn.pdf
extra,guides,VAT Guides,VAT Registration,"Dec 14, 2022",https://tax.gov.ae/DownloadOpenTextFile?fileUrl=en/VAT_VAT_Guides/VAT_Registration/Register_taxable_person_VAT_EN.pdf,uae_vat_registration.pdf
extra,guides,VAT Guides,Initiate VAT Indirect Refund Claim for Business Visitor,"Dec 14, 2022",https://tax.gov.ae/DownloadOpenTextFile?fileUrl=en/VAT_VAT_Guides/Initiate_VAT_Indirect_Refund_Claim_for_Business_Visitor/Initiate_VAT_Indirect_Refund_Claim_for_Business_Visitor_EN.pdf,uae_initiate_vat_indirect_refund_claim_for_business_visitor.pdf
extra,guides,VAT Guides,Processing Direct Refund Claims VAT 311,"Dec 14, 2022",https://tax.gov.ae/DownloadOpenTextFile?fileUrl=en/VAT_VAT_Guides/Processing_Direct_Refund_Claims_VAT_311_Refund/Processing_Direct_Refund_Claims_VAT_311_Refund_Submitted_by_Registrants_EN.pdf,uae_processing_direct_refund_claims_vat_311.pdf
extra,guides,VAT Guides,Request to add Home Country to approved list of countries,"Dec 14, 2022",https://tax.gov.ae/DownloadOpenTextFile?fileUrl=en/VAT_VAT_Guides/Request_to_add_Home_Country_to_approved_list_of_countries/Notify_the_FTA_if_Applicant_Country_does_not_Appear_in_the_Approved_List_of_Countries_EN.pdf,uae_request_to_add_home_country_to_approved_list_of_countries.pdf
extra,guides,VAT Guides,VAT Deregisteration,"Dec 14, 2022",https://tax.gov.ae/DownloadOpenTextFile?fileUrl=en/VAT_VAT_Guides/VAT_Deregisteration/Deregister_taxable_person_VAT_EN.pdf,uae_vat_deregisteration.pdf
extra,guides,VAT Guides,Request for VAT Clearance Certificate for registered Unregistered,"Dec 14, 2022",https://tax.gov.ae/DownloadOpenTextFile?fileUrl=en/VAT_VAT_Guides/Request_for_VAT_Clearance_Certificate/Request_for_VAT_Clearance_Certificate_EN.pdf,uae_request_for_vat_clearance_certificate_for_registered_unregistered.pdf
extra,guides,VAT Guides,Amend Tax Group,"Dec 14, 2022",https://tax.gov.ae/DownloadOpenTextFile?fileUrl=en/VAT_VAT_Guides/Amend_Tax_Group/Amend_Tax_Group_EN.pdf,uae_amend_tax_group.pdf
extra,guides,General Procedures,Payments by Registrants through GIBAN,"Dec 12, 2022",https://tax.gov.ae/DownloadOpenTextFile?fileUrl=en/VAT_General_Procedures/Payements_by_Registrants_through_GIBAN/Payments_for_Returns_Voluntary_Disclosures_Tax_Assessment_and_Penalties_Payment_via_GIBAN_EN.pdf,uae_payments_by_registrants_through_giban.pdf
extra,guides,General Procedures,Payments by Registrants through FAB Magnati,"Dec 12, 2022",https://tax.gov.ae/DownloadOpenTextFile?fileUrl=en/VAT_General_Procedures/Payements_by_Registrants_through_Magnati/Payments_for_Returns_Voluntary_Disclosures_Tax_Assessment_and_Penalties_Payment_via_Magnati_EN.pdf,uae_payments_by_registrants_through_fab_magnati.pdf
extra,guides,VAT Guides,Initiate and processing retention payment claims for UAE Nationals Building New Residences refund,"Dec 09, 2022",https://tax.gov.ae/DownloadOpenTextFile?fileUrl=en/VAT_VAT_Guides/Initiate_and_processing_retention_payment_claims_for_New_Residences_refund/Initiate_and_processing_retention_claims_for_UAE_Nationals_Building_New_Residences_EN.pdf,uae_initiate_and_processing_retention_payment_claims_for_uae_nationals_building_new_residences.pdf
extra,guides,General Procedures,Delink Taxable Person from Tax Agency by Account Admin of Taxable Person,"Dec 08, 2022",https://tax.gov.ae/DownloadOpenTextFile?fileUrl=en/VAT_General_Procedures/Delink_Taxable_Person_from_Tax_Agency_by_Account_Admin_of_Taxable_Person/Delink_a_Taxable_Person_from_a_Tax_Agency_by_the_Taxable_Person_EN.pdf,uae_delink_taxable_person_from_tax_agency_by_account_admin_of_taxable_person.pdf
extra,guides,VAT Guides,Processing Refund for Non-Registered importers and VAT Clearing Company TINCO- VAT 702,"Dec 08, 2022",https://tax.gov.ae/DownloadOpenTextFile?fileUrl=en/VAT_VAT_Guides/Processing_VAT_702_Refund_for_Non_Registered_importers_and_TINCO/Processing_VAT_702_Refund_for_NonRegistered_importers_and_TINCO_update_bank_details_EN.pdf,uae_processing_refund_for_non_registered_importers_and_vat_clearing_company_tinco_vat_702.pdf
extra,guides,VAT Guides,Initiate Indirect Refund Claim for UAE Nationals Building New Residences,"Dec 08, 2022",https://tax.gov.ae/DownloadOpenTextFile?fileUrl=en/VAT_VAT_Guides/Initiate_Indirect_Refund_Claim_for_UAE_Nationals_Building_New_Residences/Initiate_Indirect_Refund_Claim_for_UAE_Nationals_Building_New_Residences_EN.pdf,uae_initiate_indirect_refund_claim_for_uae_nationals_building_new_residences.pdf
extra,guides,VAT Guides,Initiate refund for VAT payment made against cancelled Customs Declaration - VAT 301A,"Dec 08, 2022",https://tax.gov.ae/DownloadOpenTextFile?fileUrl=en/VAT_VAT_Guides/Initiate_refund_for_VAT_payment_made_against_cancelled_Customs_Declaration/Initiate_refund_for_VAT_payment_made_against_a_cancelled_Customs_Declaration_EN.pdf,uae_initiate_refund_for_vat_payment_made_against_cancelled_customs_declaration_vat_301a.pdf
extra,guides,VAT Guides,Initiate Indirect Tax Refunds for Accredited Foreign Missions and Diplomats,"Dec 08, 2022",https://tax.gov.ae/DownloadOpenTextFile?fileUrl=en/VAT_VAT_Guides/Initiate_Indirect_Tax_Refunds_for_Accredited_Foreign_Missions_and_Diplomats/Initiate_Indirect_Tax_Refunds_for_Accredited_Foreign_Missions_and_Diplomats_EN.pdf,uae_initiate_indirect_tax_refunds_for_accredited_foreign_missions_and_diplomats.pdf
extra,guides,VAT Guides,Amend VAT Clearing Company TINCO,"Dec 03, 2022",https://tax.gov.ae/DownloadOpenTextFile?fileUrl=en/VAT_VAT_Guides/Amend_VAT_Clearing_Company_TINCO/Amend_Financial_Guarantee_TINCO_EN.pdf,uae_amend_vat_clearing_company_tinco.pdf
extra,guides,VAT Guides,Register VAT Clearing Company TINCO,"Dec 03, 2022",https://tax.gov.ae/DownloadOpenTextFile?fileUrl=en/VAT_VAT_Guides/Register_VAT_Clearing_Company_TINCO/Register_VAT_clearing_company_TINCO_EN.pdf,uae_register_vat_clearing_company_tinco.pdf
extra,guides,General Procedures,Tax Agent Infraction,"Dec 03, 2022",https://tax.gov.ae/DownloadOpenTextFile?fileUrl=en/VAT_General_Procedures/Tax_agent_infraction/Tax_Agent_Disqualification_EN.pdf,uae_tax_agent_infraction.pdf
extra,guides,VAT Guides,Request for VAT Print Certificate,"Dec 03, 2022",https://tax.gov.ae/DownloadOpenTextFile?fileUrl=en/VAT_VAT_Guides/Request_for_VAT_Print_Certificate/Request_to_print_VAT_certificate_EN.pdf,uae_request_for_vat_print_certificate.pdf
extra,guides,VAT Guides,Request for Tax Group Print Certificate,"Dec 03, 2022",https://tax.gov.ae/DownloadOpenTextFile?fileUrl=en/VAT_VAT_Guides/Request_for_Tax_Group_Print_Certificate/Request_to_Print_certificate_Tax_Group_EN.pdf,uae_request_for_tax_group_print_certificate.pdf
extra,guides,General Procedures,Request for Print Certificate Tax Agent,"Dec 03, 2022",https://tax.gov.ae/DownloadOpenTextFile?fileUrl=en/VAT_General_Procedures/Print_Certificate_Tax_Agent/Request_to_Print_a_Certificate_By_Tax_Agent_EN.pdf,uae_request_for_print_certificate_tax_agent.pdf
extra,guides,General Procedures,Request for Print Certificate Tax Agency,"Dec 03, 2022",https://tax.gov.ae/DownloadOpenTextFile?fileUrl=en/VAT_General_Procedures/Print_Certificate_Tax_Agency/Request_to_Print_a_Certificate_By_Tax_Agency_EN.pdf,uae_request_for_print_certificate_tax_agency.pdf
extra,guides,General Procedures,Renew Tax Agent,"Dec 03, 2022",https://tax.gov.ae/DownloadOpenTextFile?fileUrl=en/VAT_General_Procedures/Renew_Tax_Agent/Renew_a_Tax_Agent_EN.pdf,uae_renew_tax_agent.pdf
extra,guides,General Procedures,Register as an Online User,"Dec 03, 2022",https://tax.gov.ae/DownloadOpenTextFile?fileUrl=en/VAT_General_Procedures/Register_as_an_Online_User/Register_as_an_Online_User_EN.pdf,uae_register_as_an_online_user.pdf
extra,guides,General Procedures,Register as a Tax Agent,"Dec 03, 2022",https://tax.gov.ae/DownloadOpenTextFile?fileUrl=en/VAT_General_Procedures/Register_Tax_Agent/Register_a_Tax_Agent_EN.pdf,uae_register_as_a_tax_agent.pdf
extra,guides,General Procedures,Register as a Tax Agency,"Dec 03, 2022",https://tax.gov.ae/DownloadOpenTextFile?fileUrl=en/VAT_General_Procedures/Register_Tax_Agency/Register_a_Tax_Agency_EN.pdf,uae_register_as_a_tax_agency.pdf
extra,guides,VAT Guides,Submit Simplified VAT Return - VAT 201S,"Dec 03, 2022",https://tax.gov.ae/DownloadOpenTextFile?fileUrl=en/VAT_VAT_Guides/Submit_Simplified_VAT_Return/Process_simplified_VAT_returns_form_EN.pdf,uae_submit_simplified_vat_return_vat_201s.pdf
extra,guides,VAT Guides,Tax Group Deregistration,"Dec 03, 2022",https://tax.gov.ae/DownloadOpenTextFile?fileUrl=en/VAT_VAT_Guides/Tax_Group_Deregistration/Deregister_Tax_Group_EN.pdf,uae_tax_group_deregistration.pdf
extra,guides,VAT Guides,Deregister VAT Clearing Company TINCO,"Dec 03, 2022",https://tax.gov.ae/DownloadOpenTextFile?fileUrl=en/VAT_VAT_Guides/Deregister_VAT_Clearing_Company_TINCO/Deregister__VAT_clearing_company_TINCO_EN.pdf,uae_deregister_vat_clearing_company_tinco.pdf
extra,guides,VAT Guides,Convert Group Member TINVG to a VAT Registration TRN,"Dec 03, 2022",https://tax.gov.ae/DownloadOpenTextFile?fileUrl=en/VAT_VAT_Guides/Convert_TINVG_to_TRN/Convert_TINVG_to_TRN_EN.pdf,uae_convert_group_member_tinvg_to_a_vat_registration_trn.pdf
extra,guides,VAT Guides,Payment of VAT for Commercial property Sales by seller,"Dec 03, 2022",https://tax.gov.ae/DownloadOpenTextFile?fileUrl=en/VAT_VAT_Guides/Payment_of_VAT_for_Comercial_property_Sales_by_seller/Payment_for_VAT_on_Commercial_Property_Sales_Seller_EN.pdf,uae_payment_of_vat_for_commercial_property_sales_by_seller.pdf
extra,guides,VAT Guides,Payment of VAT for Commercial property Sales by buyer,"Dec 03, 2022",https://tax.gov.ae/DownloadOpenTextFile?fileUrl=en/VAT_VAT_Guides/Payment_of_VAT_for_Comercial_property_Sales_by_buyer/Payment_for_VAT_on_Commercial_Property_Sales_Buyer_EN.pdf,uae_payment_of_vat_for_commercial_property_sales_by_buyer.pdf
extra,guides,General Procedures,Making advanced payments by registrants with outstanding liability,"Dec 03, 2022",https://tax.gov.ae/DownloadOpenTextFile?fileUrl=en/VAT_General_Procedures/Making_advanced_payments_by_registrants_with_outstanding_liability/Making_Advance_Payments_When_Outstanding_Liabilities_Exists_EN.pdf,uae_making_advanced_payments_by_registrants_with_outstanding_liability.pdf
extra,guides,General Procedures,Making advanced payments by registrants without outstanding liability,"Dec 03, 2022",https://tax.gov.ae/DownloadOpenTextFile?fileUrl=en/VAT_General_Procedures/Making_advanced_payments_by_registrants_without_outstanding_liability/Making_Advance_Payments_When_no_outstanding_liabilities_exist_EN.pdf,uae_making_advanced_payments_by_registrants_without_outstanding_liability.pdf
extra,guides,General Procedures,Link TRN to new email address,"Dec 03, 2022",https://tax.gov.ae/DownloadOpenTextFile?fileUrl=en/VAT_General_Procedures/Link_TRN_to_new_email/Link_TRN_to_New_Email_Address_EN.pdf,uae_link_trn_to_new_email_address.pdf
extra,guides,VAT Guides,Link and Delink VAT Clearing Company TINCO,"Dec 03, 2022",https://tax.gov.ae/DownloadOpenTextFile?fileUrl=en/VAT_VAT_Guides/Link_and_Delink_VAT_Clearing_Company_TINCO/Link_TINCO_to_online_user_EN.pdf,uae_link_and_delink_vat_clearing_company_tinco.pdf
extra,guides,General Procedures,Link Tax Agent to a Tax Agency,"Dec 03, 2022",https://tax.gov.ae/DownloadOpenTextFile?fileUrl=en/VAT_General_Procedures/Link_Tax_Agent_to_a_Tax_Agency/Link_a_Tax_Agent_to_a_Tax_Agency_EN.pdf,uae_link_tax_agent_to_a_tax_agency.pdf
extra,guides,General Procedures,Link Tax Agency to a Taxable person,"Dec 03, 2022",https://tax.gov.ae/DownloadOpenTextFile?fileUrl=en/VAT_General_Procedures/Link_Tax_Agency_to_a_Taxable_person/Link_a_Tax_Agency_to_a_Taxable_person_EN.pdf,uae_link_tax_agency_to_a_taxable_person.pdf
extra,guides,General Procedures,Link Tax Agency to a Tax Agent,"Dec 03, 2022",https://tax.gov.ae/DownloadOpenTextFile?fileUrl=en/VAT_General_Procedures/Link_Tax_Agency_to_a_Tax_Agent/Link_a_Tax_Agency_to_a_Tax_Agent_EN.pdf,uae_link_tax_agency_to_a_tax_agent.pdf
extra,guides,General Procedures,Inquiries,"Dec 03, 2022",https://tax.gov.ae/DownloadOpenTextFile?fileUrl=en/VAT_General_Procedures/Inquiries/Inquiry_through_eMail_EN.pdf,uae_inquiries.pdf
extra,guides,VAT Guides,Initiate VAT301 payment,"Dec 03, 2022",https://tax.gov.ae/DownloadOpenTextFile?fileUrl=en/VAT_VAT_Guides/Initiate_VAT301_payment/Initiate_VAT301_payment_EN.pdf,uae_initiate_vat301_payment.pdf
extra,guides,VAT Guides,Initiate Refund for Non-Registered Importers and VAT Clearing Company TINCO - VAT 702,"Dec 03, 2022",https://tax.gov.ae/DownloadOpenTextFile?fileUrl=en/VAT_VAT_Guides/Initiate_VAT_702_Refund_for_Non_Registered_Importers_and_TINCO/Initiate_VAT_702_Refund_for_NonRegistered_Importers_and_TINCO_EN.pdf,uae_initiate_refund_for_non_registered_importers_and_vat_clearing_company_tinco_vat_702.pdf
extra,guides,VAT Guides,Edit VAT Clearing Company TINCO,"Dec 03, 2022",https://tax.gov.ae/DownloadOpenTextFile?fileUrl=en/VAT_VAT_Guides/Edit_VAT_Clearing_Company_TINCO/Edit_VAT_clearing_company_registration_TINCO_EN.pdf,uae_edit_vat_clearing_company_tinco.pdf
extra,guides,VAT Guides,Edit VAT Registration -Does not require FTA Approval,"Dec 03, 2022",https://tax.gov.ae/DownloadOpenTextFile?fileUrl=en/VAT_VAT_Guides/Edit_VAT_Registration_Does_not_require_FTA_Approval/Edit_taxable_person_VAT_registration_EN.pdf,uae_edit_vat_registration_does_not_require_fta_approval.pdf
extra,guides,General Procedures,Deregister Tax Agent,"Dec 03, 2022",https://tax.gov.ae/DownloadOpenTextFile?fileUrl=en/VAT_General_Procedures/Deregister_Tax_Agent/Deregister_Tax_Agent_EN.pdf,uae_deregister_tax_agent.pdf
extra,guides,General Procedures,Deregister Tax Agency,"Dec 03, 2022",https://tax.gov.ae/DownloadOpenTextFile?fileUrl=en/VAT_General_Procedures/Deregister_Tax_Agency/Deregister_Tax_Agency_EN.pdf,uae_deregister_tax_agency.pdf
extra,guides,General Procedures,Delink Escalation to FTA by Tax Agent or Tax Agency,"Dec 03, 2022",https://tax.gov.ae/DownloadOpenTextFile?fileUrl=en/VAT_General_Procedures/Delink_Escalation_to_FTA_by_Tax_Agent_or_Tax_Agency/Delink_Escalation_to_FTA_by_Tax_AgentTax_Agency_EN.pdf,uae_delink_escalation_to_fta_by_tax_agent_or_tax_agency.pdf
extra,guides,General Procedures,Delink Taxable Person from Tax Agency by Tax Agency,"Dec 03, 2022",https://tax.gov.ae/DownloadOpenTextFile?fileUrl=en/VAT_General_Procedures/Delink_Taxable_Person_from_Tax_Agency_by_Tax_Agency/Delink_a_Taxable_Person_from_a_Tax_Agency_by_the_Tax_Agency_EN.pdf,uae_delink_taxable_person_from_tax_agency_by_tax_agency.pdf
extra,guides,General Procedures,Delink Tax Agent from Tax Agency by Tax Agent,"Dec 03, 2022",https://tax.gov.ae/DownloadOpenTextFile?fileUrl=en/VAT_General_Procedures/Delink_Tax_Agent_from_Tax_Agency_by_Tax_Agent/Delink_a_Tax_Agent_from_a_Tax_Agency_by_the_Tax_Agent_EN.pdf,uae_delink_tax_agent_from_tax_agency_by_tax_agent.pdf
extra,guides,General Procedures,Delink Tax Agent from Tax Agency by Tax Agency,"Dec 03, 2022",https://tax.gov.ae/DownloadOpenTextFile?fileUrl=en/VAT_General_Procedures/Delink_Tax_Agent_from_Tax_Agency_by_Tax_Agency/Delink_a_Tax_Agent_from_a_Tax_Agency_by_the_Tax_Agency_EN.pdf,uae_delink_tax_agent_from_tax_agency_by_tax_agency.pdf
extra,guides,General Procedures,Complaints,"Dec 03, 2022",https://tax.gov.ae/DownloadOpenTextFile?fileUrl=en/VAT_General_Procedures/Complaints/Complaint_Through_Portal_EN.pdf,uae_complaints.pdf
extra,guides,VAT Guides,Change Tax Group Representative,"Dec 03, 2022",https://tax.gov.ae/DownloadOpenTextFile?fileUrl=en/VAT_VAT_Guides/Change_Tax_Group_Representative/Change_Tax_Group_Representative_EN.pdf,uae_change_tax_group_representative.pdf
extra,guides,VAT Guides,VAT Administrative Exception - Change in the Stagger,"Dec 03, 2022",https://tax.gov.ae/DownloadOpenTextFile?fileUrl=en/VAT_VAT_Guides/Change_in_the_Stagger/Change_in_the_Stagger_EN.pdf,uae_vat_administrative_exception_change_in_the_stagger.pdf
extra,guides,VAT Guides,VAT Administrative Exception Change in the Length of Tax Period,"Dec 03, 2022",https://tax.gov.ae/DownloadOpenTextFile?fileUrl=en/VAT_VAT_Guides/Change_in_the_Length_of_Tax_Period/Change_in_the_Length_of_Tax_Period_EN.pdf,uae_vat_administrative_exception_change_in_the_length_of_tax_period.pdf
extra,guides,VAT Guides,Amend VAT Registration -Require FTA Approval,"Dec 03, 2022",https://tax.gov.ae/DownloadOpenTextFile?fileUrl=en/VAT_VAT_Guides/Amend_VAT_Registration/Amend_taxable_person_VAT_registration_EN.pdf,uae_amend_vat_registration_require_fta_approval.pdf
extra,guides,General Procedures,Amend Tax Agent,"Dec 03, 2022",https://tax.gov.ae/DownloadOpenTextFile?fileUrl=en/VAT_General_Procedures/Amend_Tax_Agent/Amend_a_Tax_Agent_EN.pdf,uae_amend_tax_agent.pdf
extra,guides,General Procedures,Amend Tax Agency,"Dec 03, 2022",https://tax.gov.ae/DownloadOpenTextFile?fileUrl=en/VAT_General_Procedures/Amend_Tax_Agency/Amend_a_Tax_Agency_EN.pdf,uae_amend_tax_agency.pdf
extra,guides,VAT Guides,VAT Refund User Guide,"Dec 03, 2022",https://tax.gov.ae/DownloadOpenTextFile?fileUrl=en/VAT_VAT_Guides/VAT_Refund_User_Guide/VAT_Refund_User_Guide_English_Summary_EN.pdf,uae_vat_refund_user_guide.pdf
extra,guides,General Procedures,Raqeeb - Whistle Blower Program for Tax Violations and Evasion User Guide,"Dec 03, 2022",https://tax.gov.ae/DownloadOpenTextFile?fileUrl=en/VAT_General_Procedures/Raqeeb_Whistle_Blower_Program_for_Tax_Violations_and_Evasion_User_Guide/USEGWB001_Whistleblowing_User_Guide_14_04_2022_EN.pdf,uae_raqeeb_whistle_blower_program_for_tax_violations_and_evasion_user_guide_670594.pdf
extra,guides,General Procedures,Tax Agent Professional Standards Guide,"Dec 03, 2022",https://tax.gov.ae/DownloadOpenTextFile?fileUrl=en/VAT_General_Procedures/Tax_Agent_Professional_Standards_Guide/Tax_Agent_Professional_Standards_Guide_EN_13_05_2019_EN.pdf,uae_tax_agent_professional_standards_guide.pdf
core,guides,Public Clarifications,Amendments to VAT Federal Decree-Law – Federal Decree-Law No. 18 of 2022,"Nov 17, 2022",https://tax.gov.ae/Datafolder/Files/Guides/VAT/PublicClarifications/VATP030%20-%20Amendments%20to%20VAT%20Decree-Law%20-%2017%2011%202022.pdf,uae_amendments_to_vat_federal_decree_law_federal_decree_law_no_18_of_2022.pdf
core,guides,Public Clarifications,Performing the function of Director on a Board of Directors by a Natural person,"Nov 17, 2022",https://tax.gov.ae/Datafolder/Files/Guides/VAT/PublicClarifications/VATP031%20-%20Director%20services%20-%20Final%20-%2013%2005%202024.pdf,uae_performing_the_function_of_director_on_a_board_of_directors_by_a_natural_person.pdf
core,guides,VAT Guides,Refund of VAT Incurred on the Construction and Operation of Mosques,"Nov 08, 2022",https://tax.gov.ae/DownloadOpenTextFile?fileUrl=en/VAT_VAT_Guides/Refund_of_VAT_Incurred_on_the_Construction_and_Operation_of_Mosques/Refund_VAT_on_the_Construction_and_Operation_of_Mosques_EN_08_11_2022_EN.pdf,uae_refund_of_vat_incurred_on_the_construction_and_operation_of_mosques.pdf
extra,guides,VAT Guides,VAT Tax Group Amendment Guide,"Oct 31, 2022",https://tax.gov.ae/DownloadOpenTextFile?fileUrl=en/VAT_VAT_Guides/VAT%20Tax%20Group%20Amendment%20Guides/Tax%20Group%20Amendment.pdf,uae_vat_tax_group_amendment_guide.pdf
extra,guides,Awareness Materials,Get to know your Tax Obligations,"Apr 05, 2022",https://tax.gov.ae/DataFolder/Files/Pdf/2022/Get%20to%20know%20your%20Tax%20Obligations.pdf,uae_get_to_know_your_tax_obligations.pdf
core,guides,Public Clarifications,"Goods Supplied in a Designated Zone, and Connected Shipping or Delivery Services","Mar 22, 2022",https://tax.gov.ae/DataFolder/Files/Pdf/VATP027%20-%20Goods%20and%20services%20supplied%20in%20a%20DZ.pdf,uae_goods_supplied_in_a_designated_zone_and_connected_shipping_or_delivery_services.pdf
core,guides,Public Clarifications,Dubai Owners’ Associations and Management Entities,"Mar 22, 2022",https://tax.gov.ae/DataFolder/Files/Pdf/VATP022%20-%20Dubai%20Owners%20Associations%20and%20Management%20Entities%20-%2002%2011%202020.pdf,uae_dubai_owners_associations_and_management_entities.pdf
core,guides,Public Clarifications,Importation of goods by agents on behalf of VAT registered persons,"Mar 22, 2022",https://tax.gov.ae/DataFolder/Files/Pdf/VATP012%20-%20Importation%20of%20goods%20by%20agents.pdf,uae_importation_of_goods_by_agents_on_behalf_of_vat_registered_persons.pdf
core,guides,Public Clarifications,Redetermination of Administrative Penalties Levied Prior to the Effective Date of Cabinet Decision No. 49 of 2021,"Mar 21, 2022",https://tax.gov.ae/DataFolder/Files/Pdf/2022/TAXP004%20-%20Redetermination%20of%20Penalties%20-%2025%2001%202022.pdf,uae_redetermination_of_administrative_penalties_levied_prior_to_the_effective_date_of_cabinet_.pdf
core,guides,Public Clarifications,"Mobile Phones, Airtime, and Data Packages Made Available to Employees for Business Use","Mar 21, 2022",https://tax.gov.ae/DataFolder/Files/Pdf/2022/VATP028%20-%20Input%20Tax%20Recovery%20-%20Mobile%20Phones%20Airtime%20and%20Data%20-%2029%2011%202021.pdf,uae_mobile_phones_airtime_and_data_packages_made_available_to_employees_for_business_use.pdf
core,guides,Public Clarifications,Redetermination of Administrative Penalties Levied Prior to the Effective Date of Cabinet Decision No. 49 of 2021,"Mar 19, 2022",https://tax.gov.ae/DataFolder/Files/Pdf/TAXP002%20-%20Redetermination%20of%20Penalties%20-%2025%2005%202021.pdf,uae_redetermination_of_administrative_penalties_levied_prior_to_the_effective_date_of_cabinet__8540bc.pdf
core,guides,Public Clarifications,Amendment of Penalties,"Mar 19, 2022",https://tax.gov.ae/DataFolder/Files/Pdf/TAXP001%20-%20Amendment%20of%20Penalties%20-%2027%2005%202021.pdf,uae_amendment_of_penalties.pdf
core,guides,Public Clarifications,VAT registration of ‘Sole Establishments’,"Mar 19, 2022",https://tax.gov.ae/DataFolder/Files/Pdf/VATP026%20-%20Sole%20Establishments%20-%20Legal%20and%20Natural%20-%2005%2005%202021.pdf,uae_vat_registration_of_sole_establishments.pdf
core,guides,Public Clarifications,Temporary Zero-rating of Certain Medical Equipment,"Mar 19, 2022",https://tax.gov.ae/DataFolder/Files/Pdf/VATP025%20-%20Zero-rating%20certain%20medical%20equipment%20-%2006%2004%202021.pdf,uae_temporary_zero_rating_of_certain_medical_equipment.pdf
core,guides,Public Clarifications,Adjustment on Account of Bad Debt Relief,"Mar 19, 2022",https://tax.gov.ae/DataFolder/Files/Pdf/VATP024%20-%20Adjustment%20on%20account%20of%20Bad%20Debts%20-%2017%2003%202021.pdf,uae_adjustment_on_account_of_bad_debt_relief.pdf
core,guides,Public Clarifications,“VAT-free” special offers,"Mar 19, 2022",https://tax.gov.ae/DataFolder/Files/Pdf/VATP020%20-%20VAT-free%20special%20offers.pdf,uae_vat_free_special_offers.pdf
core,guides,Public Clarifications,Zero-rating of export of services,"Mar 19, 2022",https://tax.gov.ae/DataFolder/Files/Pdf/VATP019%20-%20Zero-rating%20certain%20exported%20services.pdf,uae_zero_rating_of_export_of_services.pdf
core,guides,Public Clarifications,Change in the permitted use of a building,"Mar 19, 2022",https://tax.gov.ae/DataFolder/Files/Pdf/VATP018%20-%20Real%20Estate%20-%20Change%20in%20permitted%20use%20of%20a%20building.pdf,uae_change_in_the_permitted_use_of_a_building.pdf
core,guides,Public Clarifications,Time-frame for recovering Input Tax,"Mar 19, 2022",https://tax.gov.ae/DataFolder/Files/Pdf/Time-frame%20for%20recovering%20Input%20Tax.pdf,uae_time_frame_for_recovering_input_tax.pdf
core,guides,Public Clarifications,Business-to-Business Supplies of Healthcare Services,"Mar 19, 2022",https://tax.gov.ae/DataFolder/Files/Pdf/VATP016%20-%20B2B%20healthcare%20services%20-%2024%2010%202019.pdf,uae_business_to_business_supplies_of_healthcare_services.pdf
core,guides,Public Clarifications,Transfer of a Business as a Going Concern,"Mar 19, 2022",https://tax.gov.ae/DataFolder/Files/Pdf/VATP015%20-%20TOGC%20-%2018%2007%202019.pdf,uae_transfer_of_a_business_as_a_going_concern.pdf
core,guides,Public Clarifications,VAT Treatment of Options and Option Premiums,"Mar 19, 2022",https://tax.gov.ae/DataFolder/Files/Pdf/VATP014%20-%20Public%20clarification%20-%20Option%20premiums.pdf,uae_vat_treatment_of_options_and_option_premiums.pdf
core,guides,Public Clarifications,Disbursements & Reimbursements,"Mar 19, 2022",https://tax.gov.ae/DataFolder/Files/Pdf/VATP013%20-%20Disbursements%20and%20Reimbursements.pdf,uae_disbursements_reimbursements.pdf
core,guides,Public Clarifications,"Donations, Grants and Sponsorships","Mar 19, 2022",https://tax.gov.ae/DataFolder/Files/Pdf/VATP011%20-%20Donation%20Grants%20and%20Sponsorships.pdf,uae_donations_grants_and_sponsorships.pdf
core,guides,Public Clarifications,Bank Interest and Dividends,"Mar 19, 2022",https://tax.gov.ae/DataFolder/Files/Pdf/VATP010%20Interest%20and%20Dividends.pdf,uae_bank_interest_and_dividends.pdf
core,guides,Public Clarifications,Date of Supply for Independent Directors,"Mar 19, 2022",https://tax.gov.ae/DataFolder/Files/Pdf/Date%20of%20Supply%20of%20Directors%20Fees.pdf,uae_date_of_supply_for_independent_directors.pdf
core,guides,Public Clarifications,Farm Houses and Farm Land,"Mar 19, 2022",https://tax.gov.ae/DataFolder/Files/Pdf/08-Farms.pdf,uae_farm_houses_and_farm_land.pdf
core,guides,Public Clarifications,Public Transportation,"Mar 19, 2022",https://tax.gov.ae/DataFolder/Files/Pdf/07-%20Public%20Transportation.pdf,uae_public_transportation.pdf
core,guides,Public Clarifications,Tax Invoices,"Mar 19, 2022",https://tax.gov.ae/DataFolder/Files/Pdf/06-Tax-Invoices.pdf,uae_tax_invoices.pdf
core,guides,Public Clarifications,Non-recoverable Input Tax - Entertainment Services,"Mar 19, 2022",https://tax.gov.ae/DataFolder/Files/Pdf/05-VAT-Entertainment-Services.pdf,uae_non_recoverable_input_tax_entertainment_services.pdf
core,guides,Public Clarifications,Use of Exchange Rates,"Mar 19, 2022",https://tax.gov.ae/DataFolder/Files/Pdf/04-use-of-exchange-rates.pdf,uae_use_of_exchange_rates.pdf
core,guides,Public Clarifications,Labour Accommodation: Residential versus Serviced Property,"Mar 19, 2022",https://tax.gov.ae/DataFolder/Files/Pdf/03-Labour-Accomodation-residential-versus-serviced-property.pdf,uae_labour_accommodation_residential_versus_serviced_property.pdf
core,guides,Public Clarifications,Profit Margin Scheme - Eligible Goods,"Mar 19, 2022",https://tax.gov.ae/DataFolder/Files/Pdf/02-profit-margin-scheme.pdf,uae_profit_margin_scheme_eligible_goods.pdf
core,guides,Public Clarifications,Compensation-type Payments,"Mar 19, 2022",https://tax.gov.ae/DataFolder/Files/Guides/VAT/PublicClarifications/01-compensation-type-payments.pdf,uae_compensation_type_payments.pdf
extra,guides,Business Bulletins,Automotive Sector,"Nov 14, 2021",https://tax.gov.ae/DataFolder/Files/Pdf/Bulletin%20AUTOMOTIVE%20SECTOR%2030Mar.pdf,uae_automotive_sector.pdf
extra,guides,Business Bulletins,Artists And Social Media Influencers,"Nov 14, 2021",https://tax.gov.ae/DataFolder/Files/Pdf/BASIC%20TAX%20INFORMATION%20BULLETIN.pdf,uae_artists_and_social_media_influencers.pdf
extra,guides,Business Bulletins,Higher Education Sector,"Nov 14, 2021",https://tax.gov.ae/DataFolder/Files/Pdf/Business%20Bulletin%20Higher%20Education.pdf,uae_higher_education_sector.pdf
extra,guides,Business Bulletins,Education Sector,"Nov 14, 2021",https://tax.gov.ae/DataFolder/Files/Pdf/Business%20Bulletin%20Education.pdf,uae_education_sector.pdf
core,guides,Public Clarifications,Amendment of Tax Procedures Law – Federal Decree-Law No. 28 of 2021,"Nov 14, 2021",https://tax.gov.ae/DataFolder/Files/Pdf/TAXP003TaxProceduresLawAmendment06112021.pdf,uae_amendment_of_tax_procedures_law_federal_decree_law_no_28_of_2021.pdf
extra,guides,VAT Guides,Declaration by Registered Recipient of Gold and Diamonds,"Nov 14, 2021",,
extra,guides,VAT Guides,VAT Importer Guide Registered and Non-registered,"Nov 02, 2021",https://tax.gov.ae/DownloadOpenTextFile?fileUrl=en/VAT_VAT_Guides/VAT%20Importer%20Guide%20Registered%20and%20Non-registered/VAT_Importers_User_Guide_English_V6.0_03_01_2022_EN.pdf,uae_vat_importer_guide_registered_and_non_registered_1.pdf
extra,guides,VAT Guides,VAT Importer Guide Registered and Non-registered,"Nov 02, 2021",https://tax.gov.ae/DownloadOpenTextFile?fileUrl=en/VAT_VAT_Guides/VAT%20Importer%20Guide%20Registered%20and%20Non-registered/VAT_Importers_User_Guide_EnglishV031One_Page_02112021_EN.pdf,uae_vat_importer_guide_registered_and_non_registered_2.pdf
extra,guides,VAT Guides,VAT Returns User Guide,"Sep 30, 2021",https://tax.gov.ae/DownloadOpenTextFile?fileUrl=en/VAT_VAT_Guides/VAT_Returns_User_Guide/VAT_Returns_User_Guide_SummaryEnglishV30_SEP2021_EN.pdf,uae_vat_returns_user_guide.pdf
extra,guides,VAT Guides,Tax Registration Number Linking with Customs Registration Number TRN - CRN Linkage,"Sep 28, 2021",https://tax.gov.ae/DownloadOpenTextFile?fileUrl=en/VAT_VAT_Guides/Tax_Registration_Number_Linking_with_Customs_Registration_Number_TRN_CRN_Linkage/TRNCRN_Linkage_Englishv20_28_09_2021_EN.pdf,uae_tax_registration_number_linking_with_customs_registration_number_trn_crn_linkage.pdf
core,guides,VAT Guides,Automotive Sector,"Jun 29, 2021",https://tax.gov.ae/DownloadOpenTextFile?fileUrl=en/VAT_VAT_Guides/Automotive_Sector/Automotive_Sector_EN_29_06_2021_EN.pdf,uae_automotive_sector_aecf46.pdf
extra,guides,VAT Guides,VAT Refund User Guide Business Visitors,"Apr 20, 2021",https://tax.gov.ae/DownloadOpenTextFile?fileUrl=en/VAT_VAT_Guides/VAT_Refund_User_Guide_Business_Visitors/Refund_Guide_for_Business_Visitors_List_of_countries_EN_20_04_2021_EN.pdf,uae_vat_refund_user_guide_business_visitors.pdf
core,guides,VAT Guides,Real Estate Guide,"Apr 19, 2021",https://tax.gov.ae/DownloadOpenTextFile?fileUrl=en/VAT_VAT_Guides/Real_Estate_Guide/Real_Estate_Guide_VATGRE1_EN_19_04_2021_EN.pdf,uae_real_estate_guide.pdf
core,guides,VAT Guides,E-Commerce,"Aug 09, 2020",https://tax.gov.ae/DownloadOpenTextFile?fileUrl=en/VAT_VAT_Guides/E_Commerce/E_Commerce_VAT%20Guide_EN_09_08_2020_EN.pdf,uae_e_commerce.pdf
core,guides,VAT Guides,Financial Services VAT Guide,"Jul 31, 2019",https://tax.gov.ae/DownloadOpenTextFile?fileUrl=en/VAT_VAT_Guides/Financial_Services_VAT_Guide/Financial_Services_VAT_Guide_VATGFS1_EN_07_2019_EN.pdf,uae_financial_services_vat_guide.pdf
core,guides,VAT Guides,Insurance Guide,"Sep 30, 2018",https://tax.gov.ae/DownloadOpenTextFile?fileUrl=en/VAT_VAT_Guides/Insurance_Guide/Insurance_VAT_Guide_VATGIN_September_2018_EN.pdf,uae_insurance_guide.pdf
extra,guides,VAT Guides,VAT Financial Guarantee or Cash Deposit Release For Non Registered Importers User Guide,"Aug 31, 2018",https://tax.gov.ae/DownloadOpenTextFile?fileUrl=en/VAT_VAT_Guides/VAT_Financial_Guarantee_or_Cash_Deposit_Release_For_Non_Registered_Importers_User_Guide/VAT_FG_OR_CASH_DEPOSIT_RELEASE_FOR_NON_REGISTERED_IMPORTERS_702_EN.pdf,uae_vat_financial_guarantee_or_cash_deposit_release_for_non_registered_importers_user_guide.pdf
extra,guides,VAT Guides,VAT Refund for Exhibitions and Conference User Guide,"Jul 31, 2018",https://tax.gov.ae/DownloadOpenTextFile?fileUrl=en/VAT_VAT_Guides/VAT_Refund_for_Exhibitions_and_Conference_User_Guide/ExhibitorsSuppliers_Licence_Request_Form_to_grant_the_right_to_occupy_spacev3_3_EN.pdf,uae_vat_refund_for_exhibitions_and_conference_user_guide_1.pdf
extra,guides,VAT Guides,VAT Refund for Exhibitions and Conference User Guide,"Jul 31, 2018",https://tax.gov.ae/DownloadOpenTextFile?fileUrl=en/VAT_VAT_Guides/VAT_Refund_for_Exhibitions_and_Conference_User_Guide/Organizer_form_new_EN.pdf,uae_vat_refund_for_exhibitions_and_conference_user_guide_2.pdf
extra,guides,VAT Guides,VAT Refund for Exhibitions and Conference User Guide,"Jul 31, 2018",https://tax.gov.ae/DownloadOpenTextFile?fileUrl=en/VAT_VAT_Guides/VAT_Refund_for_Exhibitions_and_Conference_User_Guide/VAT_Refund_for_Exhibitions_and_Conferences_User%20Guide_English_v3_EN.pdf,uae_vat_refund_for_exhibitions_and_conference_user_guide_3.pdf
core,guides,VAT Guides,Designated Zones VAT Guide,"Jul 30, 2018",https://tax.gov.ae/DownloadOpenTextFile?fileUrl=en/VAT_VAT_Guides/Designated_Zones_VAT_Guide/Designated_Zones_21_09_2021_sep21_EN.pdf,uae_designated_zones_vat_guide_1.pdf
core,guides,VAT Guides,Designated Zones VAT Guide,"Jul 30, 2018",https://tax.gov.ae/DownloadOpenTextFile?fileUrl=en/VAT_VAT_Guides/Designated_Zones_VAT_Guide/Designated_Zones_VAT_Guide_EN.pdf,uae_designated_zones_vat_guide_2.pdf
core,guides,VAT Guides,Taxable Person Guide - Value Added Tax,"Jun 30, 2018",https://tax.gov.ae/DownloadOpenTextFile?fileUrl=en/VAT_VAT_Guides/Taxable_Person_Guide_Value_Added_Tax/Taxable_Person_Guide_June_2018_EN.pdf,uae_taxable_person_guide_value_added_tax.pdf
core,guides,VAT Guides,Directors Services,"Mar 31, 2018",https://tax.gov.ae/DownloadOpenTextFile?fileUrl=en/VAT_VAT_Guides/Directors_Services/Directors_Services_Guide_EN.pdf,uae_directors_services.pdf
